variable,scenario,model,fname,fpath
PEDsrad,historical,ACCESS-CM2_CCAM,PEDsrad_historical_ACCESS-CM2_CCAM_daily_NZ5km_bc.nc,https://climatedata.environment.govt.nz/files/data/daily/historical/PEDsrad/PEDsrad_historical_ACCESS-CM2_CCAM_daily_NZ5km_bc.nc
PEDsrad,historical,AWI-CM-1-1-MR_CCAM,PEDsrad_historical_AWI-CM-1-1-MR_CCAM_daily_NZ5km_bc.nc,https://climatedata.environment.govt.nz/files/data/daily/historical/PEDsrad/PEDsrad_historical_AWI-CM-1-1-MR_CCAM_daily_NZ5km_bc.nc
PEDsrad,historical,CNRM-CM6-1_CCAM,PEDsrad_historical_CNRM-CM6-1_CCAM_daily_NZ5km_bc.nc,https://climatedata.environment.govt.nz/files/data/daily/historical/PEDsrad/PEDsrad_historical_CNRM-CM6-1_CCAM_daily_NZ5km_bc.nc
PEDsrad,historical,EC-Earth3_CCAM,PEDsrad_historical_EC-Earth3_CCAM_daily_NZ5km_bc.nc,https://climatedata.environment.govt.nz/files/data/daily/historical/PEDsrad/PEDsrad_historical_EC-Earth3_CCAM_daily_NZ5km_bc.nc
PEDsrad,historical,GFDL-ESM4_CCAM,PEDsrad_historical_GFDL-ESM4_CCAM_daily_NZ5km_bc.nc,https://climatedata.environment.govt.nz/files/data/daily/historical/PEDsrad/PEDsrad_historical_GFDL-ESM4_CCAM_daily_NZ5km_bc.nc
PEDsrad,historical,NorESM2-MM_CCAM,PEDsrad_historical_NorESM2-MM_CCAM_daily_NZ5km_bc.nc,https://climatedata.environment.govt.nz/files/data/daily/historical/PEDsrad/PEDsrad_historical_NorESM2-MM_CCAM_daily_NZ5km_bc.nc
PETsrad,historical,ACCESS-CM2_CCAM,PETsrad_historical_ACCESS-CM2_CCAM_daily_NZ5km_bc.nc,https://climatedata.environment.govt.nz/files/data/daily/historical/PETsrad/PETsrad_historical_ACCESS-CM2_CCAM_daily_NZ5km_bc.nc
PETsrad,historical,AWI-CM-1-1-MR_CCAM,PETsrad_historical_AWI-CM-1-1-MR_CCAM_daily_NZ5km_bc.nc,https://climatedata.environment.govt.nz/files/data/daily/historical/PETsrad/PETsrad_historical_AWI-CM-1-1-MR_CCAM_daily_NZ5km_bc.nc
PETsrad,historical,CNRM-CM6-1_CCAM,PETsrad_historical_CNRM-CM6-1_CCAM_daily_NZ5km_bc.nc,https://climatedata.environment.govt.nz/files/data/daily/historical/PETsrad/PETsrad_historical_CNRM-CM6-1_CCAM_daily_NZ5km_bc.nc
PETsrad,historical,EC-Earth3_CCAM,PETsrad_historical_EC-Earth3_CCAM_daily_NZ5km_bc.nc,https://climatedata.environment.govt.nz/files/data/daily/historical/PETsrad/PETsrad_historical_EC-Earth3_CCAM_daily_NZ5km_bc.nc
PETsrad,historical,GFDL-ESM4_CCAM,PETsrad_historical_GFDL-ESM4_CCAM_daily_NZ5km_bc.nc,https://climatedata.environment.govt.nz/files/data/daily/historical/PETsrad/PETsrad_historical_GFDL-ESM4_CCAM_daily_NZ5km_bc.nc
PETsrad,historical,NorESM2-MM_CCAM,PETsrad_historical_NorESM2-MM_CCAM_daily_NZ5km_bc.nc,https://climatedata.environment.govt.nz/files/data/daily/historical/PETsrad/PETsrad_historical_NorESM2-MM_CCAM_daily_NZ5km_bc.nc
hurs,historical,ACCESS-CM2_CCAM,hurs_historical_ACCESS-CM2_CCAM_daily_NZ5km_raw.nc,https://climatedata.environment.govt.nz/files/data/daily/historical/hurs/hurs_historical_ACCESS-CM2_CCAM_daily_NZ5km_raw.nc
hurs,historical,AWI-CM-1-1-MR_CCAM,hurs_historical_AWI-CM-1-1-MR_CCAM_daily_NZ5km_raw.nc,https://climatedata.environment.govt.nz/files/data/daily/historical/hurs/hurs_historical_AWI-CM-1-1-MR_CCAM_daily_NZ5km_raw.nc
hurs,historical,CNRM-CM6-1_CCAM,hurs_historical_CNRM-CM6-1_CCAM_daily_NZ5km_raw.nc,https://climatedata.environment.govt.nz/files/data/daily/historical/hurs/hurs_historical_CNRM-CM6-1_CCAM_daily_NZ5km_raw.nc
hurs,historical,EC-Earth3_CCAM,hurs_historical_EC-Earth3_CCAM_daily_NZ5km_raw.nc,https://climatedata.environment.govt.nz/files/data/daily/historical/hurs/hurs_historical_EC-Earth3_CCAM_daily_NZ5km_raw.nc
hurs,historical,GFDL-ESM4_CCAM,hurs_historical_GFDL-ESM4_CCAM_daily_NZ5km_raw.nc,https://climatedata.environment.govt.nz/files/data/daily/historical/hurs/hurs_historical_GFDL-ESM4_CCAM_daily_NZ5km_raw.nc
hurs,historical,NZESM_UM,hurs_historical_NZESM_UM_daily_NZ5km_raw.nc,https://climatedata.environment.govt.nz/files/data/daily/historical/hurs/hurs_historical_NZESM_UM_daily_NZ5km_raw.nc
hurs,historical,NorESM2-MM_CCAM,hurs_historical_NorESM2-MM_CCAM_daily_NZ5km_raw.nc,https://climatedata.environment.govt.nz/files/data/daily/historical/hurs/hurs_historical_NorESM2-MM_CCAM_daily_NZ5km_raw.nc
pr,historical,ACCESS-CM2_CCAM,pr_historical_ACCESS-CM2_CCAM_daily_NZ5km_bc.nc,https://climatedata.environment.govt.nz/files/data/daily/historical/pr/pr_historical_ACCESS-CM2_CCAM_daily_NZ5km_bc.nc
pr,historical,AWI-CM-1-1-MR_CCAM,pr_historical_AWI-CM-1-1-MR_CCAM_daily_NZ5km_bc.nc,https://climatedata.environment.govt.nz/files/data/daily/historical/pr/pr_historical_AWI-CM-1-1-MR_CCAM_daily_NZ5km_bc.nc
pr,historical,CNRM-CM6-1_CCAM,pr_historical_CNRM-CM6-1_CCAM_daily_NZ5km_bc.nc,https://climatedata.environment.govt.nz/files/data/daily/historical/pr/pr_historical_CNRM-CM6-1_CCAM_daily_NZ5km_bc.nc
pr,historical,EC-Earth3_CCAM,pr_historical_EC-Earth3_CCAM_daily_NZ5km_bc.nc,https://climatedata.environment.govt.nz/files/data/daily/historical/pr/pr_historical_EC-Earth3_CCAM_daily_NZ5km_bc.nc
pr,historical,GFDL-ESM4_CCAM,pr_historical_GFDL-ESM4_CCAM_daily_NZ5km_bc.nc,https://climatedata.environment.govt.nz/files/data/daily/historical/pr/pr_historical_GFDL-ESM4_CCAM_daily_NZ5km_bc.nc
pr,historical,NZESM_UM,pr_historical_NZESM_UM_daily_NZ5km_bc.nc,https://climatedata.environment.govt.nz/files/data/daily/historical/pr/pr_historical_NZESM_UM_daily_NZ5km_bc.nc
pr,historical,NorESM2-MM_CCAM,pr_historical_NorESM2-MM_CCAM_daily_NZ5km_bc.nc,https://climatedata.environment.govt.nz/files/data/daily/historical/pr/pr_historical_NorESM2-MM_CCAM_daily_NZ5km_bc.nc
rsds,historical,ACCESS-CM2_CCAM,rsds_historical_ACCESS-CM2_CCAM_daily_NZ5km_raw.nc,https://climatedata.environment.govt.nz/files/data/daily/historical/rsds/rsds_historical_ACCESS-CM2_CCAM_daily_NZ5km_raw.nc
rsds,historical,AWI-CM-1-1-MR_CCAM,rsds_historical_AWI-CM-1-1-MR_CCAM_daily_NZ5km_raw.nc,https://climatedata.environment.govt.nz/files/data/daily/historical/rsds/rsds_historical_AWI-CM-1-1-MR_CCAM_daily_NZ5km_raw.nc
rsds,historical,CNRM-CM6-1_CCAM,rsds_historical_CNRM-CM6-1_CCAM_daily_NZ5km_raw.nc,https://climatedata.environment.govt.nz/files/data/daily/historical/rsds/rsds_historical_CNRM-CM6-1_CCAM_daily_NZ5km_raw.nc
rsds,historical,EC-Earth3_CCAM,rsds_historical_EC-Earth3_CCAM_daily_NZ5km_raw.nc,https://climatedata.environment.govt.nz/files/data/daily/historical/rsds/rsds_historical_EC-Earth3_CCAM_daily_NZ5km_raw.nc
rsds,historical,GFDL-ESM4_CCAM,rsds_historical_GFDL-ESM4_CCAM_daily_NZ5km_raw.nc,https://climatedata.environment.govt.nz/files/data/daily/historical/rsds/rsds_historical_GFDL-ESM4_CCAM_daily_NZ5km_raw.nc
rsds,historical,NZESM_UM,rsds_historical_NZESM_UM_daily_NZ5km_raw.nc,https://climatedata.environment.govt.nz/files/data/daily/historical/rsds/rsds_historical_NZESM_UM_daily_NZ5km_raw.nc
rsds,historical,NorESM2-MM_CCAM,rsds_historical_NorESM2-MM_CCAM_daily_NZ5km_raw.nc,https://climatedata.environment.govt.nz/files/data/daily/historical/rsds/rsds_historical_NorESM2-MM_CCAM_daily_NZ5km_raw.nc
sfcWind,historical,ACCESS-CM2_CCAM,sfcWind_historical_ACCESS-CM2_CCAM_daily_NZ5km_raw.nc,https://climatedata.environment.govt.nz/files/data/daily/historical/sfcWind/sfcWind_historical_ACCESS-CM2_CCAM_daily_NZ5km_raw.nc
sfcWind,historical,AWI-CM-1-1-MR_CCAM,sfcWind_historical_AWI-CM-1-1-MR_CCAM_daily_NZ5km_raw.nc,https://climatedata.environment.govt.nz/files/data/daily/historical/sfcWind/sfcWind_historical_AWI-CM-1-1-MR_CCAM_daily_NZ5km_raw.nc
sfcWind,historical,CNRM-CM6-1_CCAM,sfcWind_historical_CNRM-CM6-1_CCAM_daily_NZ5km_raw.nc,https://climatedata.environment.govt.nz/files/data/daily/historical/sfcWind/sfcWind_historical_CNRM-CM6-1_CCAM_daily_NZ5km_raw.nc
sfcWind,historical,EC-Earth3_CCAM,sfcWind_historical_EC-Earth3_CCAM_daily_NZ5km_raw.nc,https://climatedata.environment.govt.nz/files/data/daily/historical/sfcWind/sfcWind_historical_EC-Earth3_CCAM_daily_NZ5km_raw.nc
sfcWind,historical,GFDL-ESM4_CCAM,sfcWind_historical_GFDL-ESM4_CCAM_daily_NZ5km_raw.nc,https://climatedata.environment.govt.nz/files/data/daily/historical/sfcWind/sfcWind_historical_GFDL-ESM4_CCAM_daily_NZ5km_raw.nc
sfcWind,historical,NZESM_UM,sfcWind_historical_NZESM_UM_daily_NZ5km_raw.nc,https://climatedata.environment.govt.nz/files/data/daily/historical/sfcWind/sfcWind_historical_NZESM_UM_daily_NZ5km_raw.nc
sfcWind,historical,NorESM2-MM_CCAM,sfcWind_historical_NorESM2-MM_CCAM_daily_NZ5km_raw.nc,https://climatedata.environment.govt.nz/files/data/daily/historical/sfcWind/sfcWind_historical_NorESM2-MM_CCAM_daily_NZ5km_raw.nc
sfcWindmax,historical,ACCESS-CM2_CCAM,sfcWindmax_historical_ACCESS-CM2_CCAM_daily_NZ5km_raw.nc,https://climatedata.environment.govt.nz/files/data/daily/historical/sfcWindmax/sfcWindmax_historical_ACCESS-CM2_CCAM_daily_NZ5km_raw.nc
sfcWindmax,historical,AWI-CM-1-1-MR_CCAM,sfcWindmax_historical_AWI-CM-1-1-MR_CCAM_daily_NZ5km_raw.nc,https://climatedata.environment.govt.nz/files/data/daily/historical/sfcWindmax/sfcWindmax_historical_AWI-CM-1-1-MR_CCAM_daily_NZ5km_raw.nc
sfcWindmax,historical,CNRM-CM6-1_CCAM,sfcWindmax_historical_CNRM-CM6-1_CCAM_daily_NZ5km_raw.nc,https://climatedata.environment.govt.nz/files/data/daily/historical/sfcWindmax/sfcWindmax_historical_CNRM-CM6-1_CCAM_daily_NZ5km_raw.nc
sfcWindmax,historical,EC-Earth3_CCAM,sfcWindmax_historical_EC-Earth3_CCAM_daily_NZ5km_raw.nc,https://climatedata.environment.govt.nz/files/data/daily/historical/sfcWindmax/sfcWindmax_historical_EC-Earth3_CCAM_daily_NZ5km_raw.nc
sfcWindmax,historical,GFDL-ESM4_CCAM,sfcWindmax_historical_GFDL-ESM4_CCAM_daily_NZ5km_raw.nc,https://climatedata.environment.govt.nz/files/data/daily/historical/sfcWindmax/sfcWindmax_historical_GFDL-ESM4_CCAM_daily_NZ5km_raw.nc
sfcWindmax,historical,NZESM_UM,sfcWindmax_historical_NZESM_UM_daily_NZ5km_raw.nc,https://climatedata.environment.govt.nz/files/data/daily/historical/sfcWindmax/sfcWindmax_historical_NZESM_UM_daily_NZ5km_raw.nc
sfcWindmax,historical,NorESM2-MM_CCAM,sfcWindmax_historical_NorESM2-MM_CCAM_daily_NZ5km_raw.nc,https://climatedata.environment.govt.nz/files/data/daily/historical/sfcWindmax/sfcWindmax_historical_NorESM2-MM_CCAM_daily_NZ5km_raw.nc
tas,historical,ACCESS-CM2_CCAM,tas_historical_ACCESS-CM2_CCAM_daily_NZ5km_bc.nc,https://climatedata.environment.govt.nz/files/data/daily/historical/tas/tas_historical_ACCESS-CM2_CCAM_daily_NZ5km_bc.nc
tas,historical,AWI-CM-1-1-MR_CCAM,tas_historical_AWI-CM-1-1-MR_CCAM_daily_NZ5km_bc.nc,https://climatedata.environment.govt.nz/files/data/daily/historical/tas/tas_historical_AWI-CM-1-1-MR_CCAM_daily_NZ5km_bc.nc
tas,historical,CNRM-CM6-1_CCAM,tas_historical_CNRM-CM6-1_CCAM_daily_NZ5km_bc.nc,https://climatedata.environment.govt.nz/files/data/daily/historical/tas/tas_historical_CNRM-CM6-1_CCAM_daily_NZ5km_bc.nc
tas,historical,EC-Earth3_CCAM,tas_historical_EC-Earth3_CCAM_daily_NZ5km_bc.nc,https://climatedata.environment.govt.nz/files/data/daily/historical/tas/tas_historical_EC-Earth3_CCAM_daily_NZ5km_bc.nc
tas,historical,GFDL-ESM4_CCAM,tas_historical_GFDL-ESM4_CCAM_daily_NZ5km_bc.nc,https://climatedata.environment.govt.nz/files/data/daily/historical/tas/tas_historical_GFDL-ESM4_CCAM_daily_NZ5km_bc.nc
tas,historical,NZESM_UM,tas_historical_NZESM_UM_daily_NZ5km_bc.nc,https://climatedata.environment.govt.nz/files/data/daily/historical/tas/tas_historical_NZESM_UM_daily_NZ5km_bc.nc
tas,historical,NorESM2-MM_CCAM,tas_historical_NorESM2-MM_CCAM_daily_NZ5km_bc.nc,https://climatedata.environment.govt.nz/files/data/daily/historical/tas/tas_historical_NorESM2-MM_CCAM_daily_NZ5km_bc.nc
tasmax,historical,ACCESS-CM2_CCAM,tasmax_historical_ACCESS-CM2_CCAM_daily_NZ5km_bc.nc,https://climatedata.environment.govt.nz/files/data/daily/historical/tasmax/tasmax_historical_ACCESS-CM2_CCAM_daily_NZ5km_bc.nc
tasmax,historical,AWI-CM-1-1-MR_CCAM,tasmax_historical_AWI-CM-1-1-MR_CCAM_daily_NZ5km_bc.nc,https://climatedata.environment.govt.nz/files/data/daily/historical/tasmax/tasmax_historical_AWI-CM-1-1-MR_CCAM_daily_NZ5km_bc.nc
tasmax,historical,CNRM-CM6-1_CCAM,tasmax_historical_CNRM-CM6-1_CCAM_daily_NZ5km_bc.nc,https://climatedata.environment.govt.nz/files/data/daily/historical/tasmax/tasmax_historical_CNRM-CM6-1_CCAM_daily_NZ5km_bc.nc
tasmax,historical,EC-Earth3_CCAM,tasmax_historical_EC-Earth3_CCAM_daily_NZ5km_bc.nc,https://climatedata.environment.govt.nz/files/data/daily/historical/tasmax/tasmax_historical_EC-Earth3_CCAM_daily_NZ5km_bc.nc
tasmax,historical,GFDL-ESM4_CCAM,tasmax_historical_GFDL-ESM4_CCAM_daily_NZ5km_bc.nc,https://climatedata.environment.govt.nz/files/data/daily/historical/tasmax/tasmax_historical_GFDL-ESM4_CCAM_daily_NZ5km_bc.nc
tasmax,historical,NZESM_UM,tasmax_historical_NZESM_UM_daily_NZ5km_bc.nc,https://climatedata.environment.govt.nz/files/data/daily/historical/tasmax/tasmax_historical_NZESM_UM_daily_NZ5km_bc.nc
tasmax,historical,NorESM2-MM_CCAM,tasmax_historical_NorESM2-MM_CCAM_daily_NZ5km_bc.nc,https://climatedata.environment.govt.nz/files/data/daily/historical/tasmax/tasmax_historical_NorESM2-MM_CCAM_daily_NZ5km_bc.nc
tasmin,historical,ACCESS-CM2_CCAM,tasmin_historical_ACCESS-CM2_CCAM_daily_NZ5km_bc.nc,https://climatedata.environment.govt.nz/files/data/daily/historical/tasmin/tasmin_historical_ACCESS-CM2_CCAM_daily_NZ5km_bc.nc
tasmin,historical,AWI-CM-1-1-MR_CCAM,tasmin_historical_AWI-CM-1-1-MR_CCAM_daily_NZ5km_bc.nc,https://climatedata.environment.govt.nz/files/data/daily/historical/tasmin/tasmin_historical_AWI-CM-1-1-MR_CCAM_daily_NZ5km_bc.nc
tasmin,historical,CNRM-CM6-1_CCAM,tasmin_historical_CNRM-CM6-1_CCAM_daily_NZ5km_bc.nc,https://climatedata.environment.govt.nz/files/data/daily/historical/tasmin/tasmin_historical_CNRM-CM6-1_CCAM_daily_NZ5km_bc.nc
tasmin,historical,EC-Earth3_CCAM,tasmin_historical_EC-Earth3_CCAM_daily_NZ5km_bc.nc,https://climatedata.environment.govt.nz/files/data/daily/historical/tasmin/tasmin_historical_EC-Earth3_CCAM_daily_NZ5km_bc.nc
tasmin,historical,GFDL-ESM4_CCAM,tasmin_historical_GFDL-ESM4_CCAM_daily_NZ5km_bc.nc,https://climatedata.environment.govt.nz/files/data/daily/historical/tasmin/tasmin_historical_GFDL-ESM4_CCAM_daily_NZ5km_bc.nc
tasmin,historical,NZESM_UM,tasmin_historical_NZESM_UM_daily_NZ5km_bc.nc,https://climatedata.environment.govt.nz/files/data/daily/historical/tasmin/tasmin_historical_NZESM_UM_daily_NZ5km_bc.nc
tasmin,historical,NorESM2-MM_CCAM,tasmin_historical_NorESM2-MM_CCAM_daily_NZ5km_bc.nc,https://climatedata.environment.govt.nz/files/data/daily/historical/tasmin/tasmin_historical_NorESM2-MM_CCAM_daily_NZ5km_bc.nc
PEDsrad,ssp126,ACCESS-CM2_CCAM,PEDsrad_ssp126_ACCESS-CM2_CCAM_daily_NZ5km_bc.nc,https://climatedata.environment.govt.nz/files/data/daily/ssp126/PEDsrad/PEDsrad_ssp126_ACCESS-CM2_CCAM_daily_NZ5km_bc.nc
PEDsrad,ssp126,AWI-CM-1-1-MR_CCAM,PEDsrad_ssp126_AWI-CM-1-1-MR_CCAM_daily_NZ5km_bc.nc,https://climatedata.environment.govt.nz/files/data/daily/ssp126/PEDsrad/PEDsrad_ssp126_AWI-CM-1-1-MR_CCAM_daily_NZ5km_bc.nc
PEDsrad,ssp126,CNRM-CM6-1_CCAM,PEDsrad_ssp126_CNRM-CM6-1_CCAM_daily_NZ5km_bc.nc,https://climatedata.environment.govt.nz/files/data/daily/ssp126/PEDsrad/PEDsrad_ssp126_CNRM-CM6-1_CCAM_daily_NZ5km_bc.nc
PEDsrad,ssp126,EC-Earth3_CCAM,PEDsrad_ssp126_EC-Earth3_CCAM_daily_NZ5km_bc.nc,https://climatedata.environment.govt.nz/files/data/daily/ssp126/PEDsrad/PEDsrad_ssp126_EC-Earth3_CCAM_daily_NZ5km_bc.nc
PEDsrad,ssp126,GFDL-ESM4_CCAM,PEDsrad_ssp126_GFDL-ESM4_CCAM_daily_NZ5km_bc.nc,https://climatedata.environment.govt.nz/files/data/daily/ssp126/PEDsrad/PEDsrad_ssp126_GFDL-ESM4_CCAM_daily_NZ5km_bc.nc
PEDsrad,ssp126,NorESM2-MM_CCAM,PEDsrad_ssp126_NorESM2-MM_CCAM_daily_NZ5km_bc.nc,https://climatedata.environment.govt.nz/files/data/daily/ssp126/PEDsrad/PEDsrad_ssp126_NorESM2-MM_CCAM_daily_NZ5km_bc.nc
PETsrad,ssp126,ACCESS-CM2_CCAM,PETsrad_ssp126_ACCESS-CM2_CCAM_daily_NZ5km_bc.nc,https://climatedata.environment.govt.nz/files/data/daily/ssp126/PETsrad/PETsrad_ssp126_ACCESS-CM2_CCAM_daily_NZ5km_bc.nc
PETsrad,ssp126,AWI-CM-1-1-MR_CCAM,PETsrad_ssp126_AWI-CM-1-1-MR_CCAM_daily_NZ5km_bc.nc,https://climatedata.environment.govt.nz/files/data/daily/ssp126/PETsrad/PETsrad_ssp126_AWI-CM-1-1-MR_CCAM_daily_NZ5km_bc.nc
PETsrad,ssp126,CNRM-CM6-1_CCAM,PETsrad_ssp126_CNRM-CM6-1_CCAM_daily_NZ5km_bc.nc,https://climatedata.environment.govt.nz/files/data/daily/ssp126/PETsrad/PETsrad_ssp126_CNRM-CM6-1_CCAM_daily_NZ5km_bc.nc
PETsrad,ssp126,EC-Earth3_CCAM,PETsrad_ssp126_EC-Earth3_CCAM_daily_NZ5km_bc.nc,https://climatedata.environment.govt.nz/files/data/daily/ssp126/PETsrad/PETsrad_ssp126_EC-Earth3_CCAM_daily_NZ5km_bc.nc
PETsrad,ssp126,GFDL-ESM4_CCAM,PETsrad_ssp126_GFDL-ESM4_CCAM_daily_NZ5km_bc.nc,https://climatedata.environment.govt.nz/files/data/daily/ssp126/PETsrad/PETsrad_ssp126_GFDL-ESM4_CCAM_daily_NZ5km_bc.nc
PETsrad,ssp126,NorESM2-MM_CCAM,PETsrad_ssp126_NorESM2-MM_CCAM_daily_NZ5km_bc.nc,https://climatedata.environment.govt.nz/files/data/daily/ssp126/PETsrad/PETsrad_ssp126_NorESM2-MM_CCAM_daily_NZ5km_bc.nc
hurs,ssp126,ACCESS-CM2_CCAM,hurs_ssp126_ACCESS-CM2_CCAM_daily_NZ5km_raw.nc,https://climatedata.environment.govt.nz/files/data/daily/ssp126/hurs/hurs_ssp126_ACCESS-CM2_CCAM_daily_NZ5km_raw.nc
hurs,ssp126,AWI-CM-1-1-MR_CCAM,hurs_ssp126_AWI-CM-1-1-MR_CCAM_daily_NZ5km_raw.nc,https://climatedata.environment.govt.nz/files/data/daily/ssp126/hurs/hurs_ssp126_AWI-CM-1-1-MR_CCAM_daily_NZ5km_raw.nc
hurs,ssp126,CNRM-CM6-1_CCAM,hurs_ssp126_CNRM-CM6-1_CCAM_daily_NZ5km_raw.nc,https://climatedata.environment.govt.nz/files/data/daily/ssp126/hurs/hurs_ssp126_CNRM-CM6-1_CCAM_daily_NZ5km_raw.nc
hurs,ssp126,EC-Earth3_CCAM,hurs_ssp126_EC-Earth3_CCAM_daily_NZ5km_raw.nc,https://climatedata.environment.govt.nz/files/data/daily/ssp126/hurs/hurs_ssp126_EC-Earth3_CCAM_daily_NZ5km_raw.nc
hurs,ssp126,GFDL-ESM4_CCAM,hurs_ssp126_GFDL-ESM4_CCAM_daily_NZ5km_raw.nc,https://climatedata.environment.govt.nz/files/data/daily/ssp126/hurs/hurs_ssp126_GFDL-ESM4_CCAM_daily_NZ5km_raw.nc
hurs,ssp126,NZESM_UM,hurs_ssp126_NZESM_UM_daily_NZ5km_raw.nc,https://climatedata.environment.govt.nz/files/data/daily/ssp126/hurs/hurs_ssp126_NZESM_UM_daily_NZ5km_raw.nc
hurs,ssp126,NorESM2-MM_CCAM,hurs_ssp126_NorESM2-MM_CCAM_daily_NZ5km_raw.nc,https://climatedata.environment.govt.nz/files/data/daily/ssp126/hurs/hurs_ssp126_NorESM2-MM_CCAM_daily_NZ5km_raw.nc
pr,ssp126,ACCESS-CM2_CCAM,pr_ssp126_ACCESS-CM2_CCAM_daily_NZ5km_bc.nc,https://climatedata.environment.govt.nz/files/data/daily/ssp126/pr/pr_ssp126_ACCESS-CM2_CCAM_daily_NZ5km_bc.nc
pr,ssp126,AWI-CM-1-1-MR_CCAM,pr_ssp126_AWI-CM-1-1-MR_CCAM_daily_NZ5km_bc.nc,https://climatedata.environment.govt.nz/files/data/daily/ssp126/pr/pr_ssp126_AWI-CM-1-1-MR_CCAM_daily_NZ5km_bc.nc
pr,ssp126,CNRM-CM6-1_CCAM,pr_ssp126_CNRM-CM6-1_CCAM_daily_NZ5km_bc.nc,https://climatedata.environment.govt.nz/files/data/daily/ssp126/pr/pr_ssp126_CNRM-CM6-1_CCAM_daily_NZ5km_bc.nc
pr,ssp126,EC-Earth3_CCAM,pr_ssp126_EC-Earth3_CCAM_daily_NZ5km_bc.nc,https://climatedata.environment.govt.nz/files/data/daily/ssp126/pr/pr_ssp126_EC-Earth3_CCAM_daily_NZ5km_bc.nc
pr,ssp126,GFDL-ESM4_CCAM,pr_ssp126_GFDL-ESM4_CCAM_daily_NZ5km_bc.nc,https://climatedata.environment.govt.nz/files/data/daily/ssp126/pr/pr_ssp126_GFDL-ESM4_CCAM_daily_NZ5km_bc.nc
pr,ssp126,NZESM_UM,pr_ssp126_NZESM_UM_daily_NZ5km_bc.nc,https://climatedata.environment.govt.nz/files/data/daily/ssp126/pr/pr_ssp126_NZESM_UM_daily_NZ5km_bc.nc
pr,ssp126,NorESM2-MM_CCAM,pr_ssp126_NorESM2-MM_CCAM_daily_NZ5km_bc.nc,https://climatedata.environment.govt.nz/files/data/daily/ssp126/pr/pr_ssp126_NorESM2-MM_CCAM_daily_NZ5km_bc.nc
rsds,ssp126,ACCESS-CM2_CCAM,rsds_ssp126_ACCESS-CM2_CCAM_daily_NZ5km_raw.nc,https://climatedata.environment.govt.nz/files/data/daily/ssp126/rsds/rsds_ssp126_ACCESS-CM2_CCAM_daily_NZ5km_raw.nc
rsds,ssp126,AWI-CM-1-1-MR_CCAM,rsds_ssp126_AWI-CM-1-1-MR_CCAM_daily_NZ5km_raw.nc,https://climatedata.environment.govt.nz/files/data/daily/ssp126/rsds/rsds_ssp126_AWI-CM-1-1-MR_CCAM_daily_NZ5km_raw.nc
rsds,ssp126,CNRM-CM6-1_CCAM,rsds_ssp126_CNRM-CM6-1_CCAM_daily_NZ5km_raw.nc,https://climatedata.environment.govt.nz/files/data/daily/ssp126/rsds/rsds_ssp126_CNRM-CM6-1_CCAM_daily_NZ5km_raw.nc
rsds,ssp126,EC-Earth3_CCAM,rsds_ssp126_EC-Earth3_CCAM_daily_NZ5km_raw.nc,https://climatedata.environment.govt.nz/files/data/daily/ssp126/rsds/rsds_ssp126_EC-Earth3_CCAM_daily_NZ5km_raw.nc
rsds,ssp126,GFDL-ESM4_CCAM,rsds_ssp126_GFDL-ESM4_CCAM_daily_NZ5km_raw.nc,https://climatedata.environment.govt.nz/files/data/daily/ssp126/rsds/rsds_ssp126_GFDL-ESM4_CCAM_daily_NZ5km_raw.nc
rsds,ssp126,NZESM_UM,rsds_ssp126_NZESM_UM_daily_NZ5km_raw.nc,https://climatedata.environment.govt.nz/files/data/daily/ssp126/rsds/rsds_ssp126_NZESM_UM_daily_NZ5km_raw.nc
rsds,ssp126,NorESM2-MM_CCAM,rsds_ssp126_NorESM2-MM_CCAM_daily_NZ5km_raw.nc,https://climatedata.environment.govt.nz/files/data/daily/ssp126/rsds/rsds_ssp126_NorESM2-MM_CCAM_daily_NZ5km_raw.nc
sfcWind,ssp126,ACCESS-CM2_CCAM,sfcWind_ssp126_ACCESS-CM2_CCAM_daily_NZ5km_raw.nc,https://climatedata.environment.govt.nz/files/data/daily/ssp126/sfcWind/sfcWind_ssp126_ACCESS-CM2_CCAM_daily_NZ5km_raw.nc
sfcWind,ssp126,AWI-CM-1-1-MR_CCAM,sfcWind_ssp126_AWI-CM-1-1-MR_CCAM_daily_NZ5km_raw.nc,https://climatedata.environment.govt.nz/files/data/daily/ssp126/sfcWind/sfcWind_ssp126_AWI-CM-1-1-MR_CCAM_daily_NZ5km_raw.nc
sfcWind,ssp126,CNRM-CM6-1_CCAM,sfcWind_ssp126_CNRM-CM6-1_CCAM_daily_NZ5km_raw.nc,https://climatedata.environment.govt.nz/files/data/daily/ssp126/sfcWind/sfcWind_ssp126_CNRM-CM6-1_CCAM_daily_NZ5km_raw.nc
sfcWind,ssp126,EC-Earth3_CCAM,sfcWind_ssp126_EC-Earth3_CCAM_daily_NZ5km_raw.nc,https://climatedata.environment.govt.nz/files/data/daily/ssp126/sfcWind/sfcWind_ssp126_EC-Earth3_CCAM_daily_NZ5km_raw.nc
sfcWind,ssp126,GFDL-ESM4_CCAM,sfcWind_ssp126_GFDL-ESM4_CCAM_daily_NZ5km_raw.nc,https://climatedata.environment.govt.nz/files/data/daily/ssp126/sfcWind/sfcWind_ssp126_GFDL-ESM4_CCAM_daily_NZ5km_raw.nc
sfcWind,ssp126,NZESM_UM,sfcWind_ssp126_NZESM_UM_daily_NZ5km_raw.nc,https://climatedata.environment.govt.nz/files/data/daily/ssp126/sfcWind/sfcWind_ssp126_NZESM_UM_daily_NZ5km_raw.nc
sfcWind,ssp126,NorESM2-MM_CCAM,sfcWind_ssp126_NorESM2-MM_CCAM_daily_NZ5km_raw.nc,https://climatedata.environment.govt.nz/files/data/daily/ssp126/sfcWind/sfcWind_ssp126_NorESM2-MM_CCAM_daily_NZ5km_raw.nc
sfcWindmax,ssp126,ACCESS-CM2_CCAM,sfcWindmax_ssp126_ACCESS-CM2_CCAM_daily_NZ5km_raw.nc,https://climatedata.environment.govt.nz/files/data/daily/ssp126/sfcWindmax/sfcWindmax_ssp126_ACCESS-CM2_CCAM_daily_NZ5km_raw.nc
sfcWindmax,ssp126,AWI-CM-1-1-MR_CCAM,sfcWindmax_ssp126_AWI-CM-1-1-MR_CCAM_daily_NZ5km_raw.nc,https://climatedata.environment.govt.nz/files/data/daily/ssp126/sfcWindmax/sfcWindmax_ssp126_AWI-CM-1-1-MR_CCAM_daily_NZ5km_raw.nc
sfcWindmax,ssp126,CNRM-CM6-1_CCAM,sfcWindmax_ssp126_CNRM-CM6-1_CCAM_daily_NZ5km_raw.nc,https://climatedata.environment.govt.nz/files/data/daily/ssp126/sfcWindmax/sfcWindmax_ssp126_CNRM-CM6-1_CCAM_daily_NZ5km_raw.nc
sfcWindmax,ssp126,EC-Earth3_CCAM,sfcWindmax_ssp126_EC-Earth3_CCAM_daily_NZ5km_raw.nc,https://climatedata.environment.govt.nz/files/data/daily/ssp126/sfcWindmax/sfcWindmax_ssp126_EC-Earth3_CCAM_daily_NZ5km_raw.nc
sfcWindmax,ssp126,GFDL-ESM4_CCAM,sfcWindmax_ssp126_GFDL-ESM4_CCAM_daily_NZ5km_raw.nc,https://climatedata.environment.govt.nz/files/data/daily/ssp126/sfcWindmax/sfcWindmax_ssp126_GFDL-ESM4_CCAM_daily_NZ5km_raw.nc
sfcWindmax,ssp126,NZESM_UM,sfcWindmax_ssp126_NZESM_UM_daily_NZ5km_raw.nc,https://climatedata.environment.govt.nz/files/data/daily/ssp126/sfcWindmax/sfcWindmax_ssp126_NZESM_UM_daily_NZ5km_raw.nc
sfcWindmax,ssp126,NorESM2-MM_CCAM,sfcWindmax_ssp126_NorESM2-MM_CCAM_daily_NZ5km_raw.nc,https://climatedata.environment.govt.nz/files/data/daily/ssp126/sfcWindmax/sfcWindmax_ssp126_NorESM2-MM_CCAM_daily_NZ5km_raw.nc
tas,ssp126,ACCESS-CM2_CCAM,tas_ssp126_ACCESS-CM2_CCAM_daily_NZ5km_bc.nc,https://climatedata.environment.govt.nz/files/data/daily/ssp126/tas/tas_ssp126_ACCESS-CM2_CCAM_daily_NZ5km_bc.nc
tas,ssp126,AWI-CM-1-1-MR_CCAM,tas_ssp126_AWI-CM-1-1-MR_CCAM_daily_NZ5km_bc.nc,https://climatedata.environment.govt.nz/files/data/daily/ssp126/tas/tas_ssp126_AWI-CM-1-1-MR_CCAM_daily_NZ5km_bc.nc
tas,ssp126,CNRM-CM6-1_CCAM,tas_ssp126_CNRM-CM6-1_CCAM_daily_NZ5km_bc.nc,https://climatedata.environment.govt.nz/files/data/daily/ssp126/tas/tas_ssp126_CNRM-CM6-1_CCAM_daily_NZ5km_bc.nc
tas,ssp126,EC-Earth3_CCAM,tas_ssp126_EC-Earth3_CCAM_daily_NZ5km_bc.nc,https://climatedata.environment.govt.nz/files/data/daily/ssp126/tas/tas_ssp126_EC-Earth3_CCAM_daily_NZ5km_bc.nc
tas,ssp126,GFDL-ESM4_CCAM,tas_ssp126_GFDL-ESM4_CCAM_daily_NZ5km_bc.nc,https://climatedata.environment.govt.nz/files/data/daily/ssp126/tas/tas_ssp126_GFDL-ESM4_CCAM_daily_NZ5km_bc.nc
tas,ssp126,NZESM_UM,tas_ssp126_NZESM_UM_daily_NZ5km_bc.nc,https://climatedata.environment.govt.nz/files/data/daily/ssp126/tas/tas_ssp126_NZESM_UM_daily_NZ5km_bc.nc
tas,ssp126,NorESM2-MM_CCAM,tas_ssp126_NorESM2-MM_CCAM_daily_NZ5km_bc.nc,https://climatedata.environment.govt.nz/files/data/daily/ssp126/tas/tas_ssp126_NorESM2-MM_CCAM_daily_NZ5km_bc.nc
tasmax,ssp126,ACCESS-CM2_CCAM,tasmax_ssp126_ACCESS-CM2_CCAM_daily_NZ5km_bc.nc,https://climatedata.environment.govt.nz/files/data/daily/ssp126/tasmax/tasmax_ssp126_ACCESS-CM2_CCAM_daily_NZ5km_bc.nc
tasmax,ssp126,AWI-CM-1-1-MR_CCAM,tasmax_ssp126_AWI-CM-1-1-MR_CCAM_daily_NZ5km_bc.nc,https://climatedata.environment.govt.nz/files/data/daily/ssp126/tasmax/tasmax_ssp126_AWI-CM-1-1-MR_CCAM_daily_NZ5km_bc.nc
tasmax,ssp126,CNRM-CM6-1_CCAM,tasmax_ssp126_CNRM-CM6-1_CCAM_daily_NZ5km_bc.nc,https://climatedata.environment.govt.nz/files/data/daily/ssp126/tasmax/tasmax_ssp126_CNRM-CM6-1_CCAM_daily_NZ5km_bc.nc
tasmax,ssp126,EC-Earth3_CCAM,tasmax_ssp126_EC-Earth3_CCAM_daily_NZ5km_bc.nc,https://climatedata.environment.govt.nz/files/data/daily/ssp126/tasmax/tasmax_ssp126_EC-Earth3_CCAM_daily_NZ5km_bc.nc
tasmax,ssp126,GFDL-ESM4_CCAM,tasmax_ssp126_GFDL-ESM4_CCAM_daily_NZ5km_bc.nc,https://climatedata.environment.govt.nz/files/data/daily/ssp126/tasmax/tasmax_ssp126_GFDL-ESM4_CCAM_daily_NZ5km_bc.nc
tasmax,ssp126,NZESM_UM,tasmax_ssp126_NZESM_UM_daily_NZ5km_bc.nc,https://climatedata.environment.govt.nz/files/data/daily/ssp126/tasmax/tasmax_ssp126_NZESM_UM_daily_NZ5km_bc.nc
tasmax,ssp126,NorESM2-MM_CCAM,tasmax_ssp126_NorESM2-MM_CCAM_daily_NZ5km_bc.nc,https://climatedata.environment.govt.nz/files/data/daily/ssp126/tasmax/tasmax_ssp126_NorESM2-MM_CCAM_daily_NZ5km_bc.nc
tasmin,ssp126,ACCESS-CM2_CCAM,tasmin_ssp126_ACCESS-CM2_CCAM_daily_NZ5km_bc.nc,https://climatedata.environment.govt.nz/files/data/daily/ssp126/tasmin/tasmin_ssp126_ACCESS-CM2_CCAM_daily_NZ5km_bc.nc
tasmin,ssp126,AWI-CM-1-1-MR_CCAM,tasmin_ssp126_AWI-CM-1-1-MR_CCAM_daily_NZ5km_bc.nc,https://climatedata.environment.govt.nz/files/data/daily/ssp126/tasmin/tasmin_ssp126_AWI-CM-1-1-MR_CCAM_daily_NZ5km_bc.nc
tasmin,ssp126,CNRM-CM6-1_CCAM,tasmin_ssp126_CNRM-CM6-1_CCAM_daily_NZ5km_bc.nc,https://climatedata.environment.govt.nz/files/data/daily/ssp126/tasmin/tasmin_ssp126_CNRM-CM6-1_CCAM_daily_NZ5km_bc.nc
tasmin,ssp126,EC-Earth3_CCAM,tasmin_ssp126_EC-Earth3_CCAM_daily_NZ5km_bc.nc,https://climatedata.environment.govt.nz/files/data/daily/ssp126/tasmin/tasmin_ssp126_EC-Earth3_CCAM_daily_NZ5km_bc.nc
tasmin,ssp126,GFDL-ESM4_CCAM,tasmin_ssp126_GFDL-ESM4_CCAM_daily_NZ5km_bc.nc,https://climatedata.environment.govt.nz/files/data/daily/ssp126/tasmin/tasmin_ssp126_GFDL-ESM4_CCAM_daily_NZ5km_bc.nc
tasmin,ssp126,NZESM_UM,tasmin_ssp126_NZESM_UM_daily_NZ5km_bc.nc,https://climatedata.environment.govt.nz/files/data/daily/ssp126/tasmin/tasmin_ssp126_NZESM_UM_daily_NZ5km_bc.nc
tasmin,ssp126,NorESM2-MM_CCAM,tasmin_ssp126_NorESM2-MM_CCAM_daily_NZ5km_bc.nc,https://climatedata.environment.govt.nz/files/data/daily/ssp126/tasmin/tasmin_ssp126_NorESM2-MM_CCAM_daily_NZ5km_bc.nc
PEDsrad,ssp245,ACCESS-CM2_CCAM,PEDsrad_ssp245_ACCESS-CM2_CCAM_daily_NZ5km_bc.nc,https://climatedata.environment.govt.nz/files/data/daily/ssp245/PEDsrad/PEDsrad_ssp245_ACCESS-CM2_CCAM_daily_NZ5km_bc.nc
PEDsrad,ssp245,AWI-CM-1-1-MR_CCAM,PEDsrad_ssp245_AWI-CM-1-1-MR_CCAM_daily_NZ5km_bc.nc,https://climatedata.environment.govt.nz/files/data/daily/ssp245/PEDsrad/PEDsrad_ssp245_AWI-CM-1-1-MR_CCAM_daily_NZ5km_bc.nc
PEDsrad,ssp245,CNRM-CM6-1_CCAM,PEDsrad_ssp245_CNRM-CM6-1_CCAM_daily_NZ5km_bc.nc,https://climatedata.environment.govt.nz/files/data/daily/ssp245/PEDsrad/PEDsrad_ssp245_CNRM-CM6-1_CCAM_daily_NZ5km_bc.nc
PEDsrad,ssp245,EC-Earth3_CCAM,PEDsrad_ssp245_EC-Earth3_CCAM_daily_NZ5km_bc.nc,https://climatedata.environment.govt.nz/files/data/daily/ssp245/PEDsrad/PEDsrad_ssp245_EC-Earth3_CCAM_daily_NZ5km_bc.nc
PEDsrad,ssp245,GFDL-ESM4_CCAM,PEDsrad_ssp245_GFDL-ESM4_CCAM_daily_NZ5km_bc.nc,https://climatedata.environment.govt.nz/files/data/daily/ssp245/PEDsrad/PEDsrad_ssp245_GFDL-ESM4_CCAM_daily_NZ5km_bc.nc
PEDsrad,ssp245,NorESM2-MM_CCAM,PEDsrad_ssp245_NorESM2-MM_CCAM_daily_NZ5km_bc.nc,https://climatedata.environment.govt.nz/files/data/daily/ssp245/PEDsrad/PEDsrad_ssp245_NorESM2-MM_CCAM_daily_NZ5km_bc.nc
PETsrad,ssp245,ACCESS-CM2_CCAM,PETsrad_ssp245_ACCESS-CM2_CCAM_daily_NZ5km_bc.nc,https://climatedata.environment.govt.nz/files/data/daily/ssp245/PETsrad/PETsrad_ssp245_ACCESS-CM2_CCAM_daily_NZ5km_bc.nc
PETsrad,ssp245,AWI-CM-1-1-MR_CCAM,PETsrad_ssp245_AWI-CM-1-1-MR_CCAM_daily_NZ5km_bc.nc,https://climatedata.environment.govt.nz/files/data/daily/ssp245/PETsrad/PETsrad_ssp245_AWI-CM-1-1-MR_CCAM_daily_NZ5km_bc.nc
PETsrad,ssp245,CNRM-CM6-1_CCAM,PETsrad_ssp245_CNRM-CM6-1_CCAM_daily_NZ5km_bc.nc,https://climatedata.environment.govt.nz/files/data/daily/ssp245/PETsrad/PETsrad_ssp245_CNRM-CM6-1_CCAM_daily_NZ5km_bc.nc
PETsrad,ssp245,EC-Earth3_CCAM,PETsrad_ssp245_EC-Earth3_CCAM_daily_NZ5km_bc.nc,https://climatedata.environment.govt.nz/files/data/daily/ssp245/PETsrad/PETsrad_ssp245_EC-Earth3_CCAM_daily_NZ5km_bc.nc
PETsrad,ssp245,GFDL-ESM4_CCAM,PETsrad_ssp245_GFDL-ESM4_CCAM_daily_NZ5km_bc.nc,https://climatedata.environment.govt.nz/files/data/daily/ssp245/PETsrad/PETsrad_ssp245_GFDL-ESM4_CCAM_daily_NZ5km_bc.nc
PETsrad,ssp245,NorESM2-MM_CCAM,PETsrad_ssp245_NorESM2-MM_CCAM_daily_NZ5km_bc.nc,https://climatedata.environment.govt.nz/files/data/daily/ssp245/PETsrad/PETsrad_ssp245_NorESM2-MM_CCAM_daily_NZ5km_bc.nc
hurs,ssp245,ACCESS-CM2_CCAM,hurs_ssp245_ACCESS-CM2_CCAM_daily_NZ5km_raw.nc,https://climatedata.environment.govt.nz/files/data/daily/ssp245/hurs/hurs_ssp245_ACCESS-CM2_CCAM_daily_NZ5km_raw.nc
hurs,ssp245,AWI-CM-1-1-MR_CCAM,hurs_ssp245_AWI-CM-1-1-MR_CCAM_daily_NZ5km_raw.nc,https://climatedata.environment.govt.nz/files/data/daily/ssp245/hurs/hurs_ssp245_AWI-CM-1-1-MR_CCAM_daily_NZ5km_raw.nc
hurs,ssp245,CNRM-CM6-1_CCAM,hurs_ssp245_CNRM-CM6-1_CCAM_daily_NZ5km_raw.nc,https://climatedata.environment.govt.nz/files/data/daily/ssp245/hurs/hurs_ssp245_CNRM-CM6-1_CCAM_daily_NZ5km_raw.nc
hurs,ssp245,EC-Earth3_CCAM,hurs_ssp245_EC-Earth3_CCAM_daily_NZ5km_raw.nc,https://climatedata.environment.govt.nz/files/data/daily/ssp245/hurs/hurs_ssp245_EC-Earth3_CCAM_daily_NZ5km_raw.nc
hurs,ssp245,GFDL-ESM4_CCAM,hurs_ssp245_GFDL-ESM4_CCAM_daily_NZ5km_raw.nc,https://climatedata.environment.govt.nz/files/data/daily/ssp245/hurs/hurs_ssp245_GFDL-ESM4_CCAM_daily_NZ5km_raw.nc
hurs,ssp245,NZESM_UM,hurs_ssp245_NZESM_UM_daily_NZ5km_raw.nc,https://climatedata.environment.govt.nz/files/data/daily/ssp245/hurs/hurs_ssp245_NZESM_UM_daily_NZ5km_raw.nc
hurs,ssp245,NorESM2-MM_CCAM,hurs_ssp245_NorESM2-MM_CCAM_daily_NZ5km_raw.nc,https://climatedata.environment.govt.nz/files/data/daily/ssp245/hurs/hurs_ssp245_NorESM2-MM_CCAM_daily_NZ5km_raw.nc
pr,ssp245,ACCESS-CM2_CCAM,pr_ssp245_ACCESS-CM2_CCAM_daily_NZ5km_bc.nc,https://climatedata.environment.govt.nz/files/data/daily/ssp245/pr/pr_ssp245_ACCESS-CM2_CCAM_daily_NZ5km_bc.nc
pr,ssp245,AWI-CM-1-1-MR_CCAM,pr_ssp245_AWI-CM-1-1-MR_CCAM_daily_NZ5km_bc.nc,https://climatedata.environment.govt.nz/files/data/daily/ssp245/pr/pr_ssp245_AWI-CM-1-1-MR_CCAM_daily_NZ5km_bc.nc
pr,ssp245,CNRM-CM6-1_CCAM,pr_ssp245_CNRM-CM6-1_CCAM_daily_NZ5km_bc.nc,https://climatedata.environment.govt.nz/files/data/daily/ssp245/pr/pr_ssp245_CNRM-CM6-1_CCAM_daily_NZ5km_bc.nc
pr,ssp245,EC-Earth3_CCAM,pr_ssp245_EC-Earth3_CCAM_daily_NZ5km_bc.nc,https://climatedata.environment.govt.nz/files/data/daily/ssp245/pr/pr_ssp245_EC-Earth3_CCAM_daily_NZ5km_bc.nc
pr,ssp245,GFDL-ESM4_CCAM,pr_ssp245_GFDL-ESM4_CCAM_daily_NZ5km_bc.nc,https://climatedata.environment.govt.nz/files/data/daily/ssp245/pr/pr_ssp245_GFDL-ESM4_CCAM_daily_NZ5km_bc.nc
pr,ssp245,NZESM_UM,pr_ssp245_NZESM_UM_daily_NZ5km_bc.nc,https://climatedata.environment.govt.nz/files/data/daily/ssp245/pr/pr_ssp245_NZESM_UM_daily_NZ5km_bc.nc
pr,ssp245,NorESM2-MM_CCAM,pr_ssp245_NorESM2-MM_CCAM_daily_NZ5km_bc.nc,https://climatedata.environment.govt.nz/files/data/daily/ssp245/pr/pr_ssp245_NorESM2-MM_CCAM_daily_NZ5km_bc.nc
rsds,ssp245,ACCESS-CM2_CCAM,rsds_ssp245_ACCESS-CM2_CCAM_daily_NZ5km_raw.nc,https://climatedata.environment.govt.nz/files/data/daily/ssp245/rsds/rsds_ssp245_ACCESS-CM2_CCAM_daily_NZ5km_raw.nc
rsds,ssp245,AWI-CM-1-1-MR_CCAM,rsds_ssp245_AWI-CM-1-1-MR_CCAM_daily_NZ5km_raw.nc,https://climatedata.environment.govt.nz/files/data/daily/ssp245/rsds/rsds_ssp245_AWI-CM-1-1-MR_CCAM_daily_NZ5km_raw.nc
rsds,ssp245,CNRM-CM6-1_CCAM,rsds_ssp245_CNRM-CM6-1_CCAM_daily_NZ5km_raw.nc,https://climatedata.environment.govt.nz/files/data/daily/ssp245/rsds/rsds_ssp245_CNRM-CM6-1_CCAM_daily_NZ5km_raw.nc
rsds,ssp245,EC-Earth3_CCAM,rsds_ssp245_EC-Earth3_CCAM_daily_NZ5km_raw.nc,https://climatedata.environment.govt.nz/files/data/daily/ssp245/rsds/rsds_ssp245_EC-Earth3_CCAM_daily_NZ5km_raw.nc
rsds,ssp245,GFDL-ESM4_CCAM,rsds_ssp245_GFDL-ESM4_CCAM_daily_NZ5km_raw.nc,https://climatedata.environment.govt.nz/files/data/daily/ssp245/rsds/rsds_ssp245_GFDL-ESM4_CCAM_daily_NZ5km_raw.nc
rsds,ssp245,NZESM_UM,rsds_ssp245_NZESM_UM_daily_NZ5km_raw.nc,https://climatedata.environment.govt.nz/files/data/daily/ssp245/rsds/rsds_ssp245_NZESM_UM_daily_NZ5km_raw.nc
rsds,ssp245,NorESM2-MM_CCAM,rsds_ssp245_NorESM2-MM_CCAM_daily_NZ5km_raw.nc,https://climatedata.environment.govt.nz/files/data/daily/ssp245/rsds/rsds_ssp245_NorESM2-MM_CCAM_daily_NZ5km_raw.nc
sfcWind,ssp245,ACCESS-CM2_CCAM,sfcWind_ssp245_ACCESS-CM2_CCAM_daily_NZ5km_raw.nc,https://climatedata.environment.govt.nz/files/data/daily/ssp245/sfcWind/sfcWind_ssp245_ACCESS-CM2_CCAM_daily_NZ5km_raw.nc
sfcWind,ssp245,AWI-CM-1-1-MR_CCAM,sfcWind_ssp245_AWI-CM-1-1-MR_CCAM_daily_NZ5km_raw.nc,https://climatedata.environment.govt.nz/files/data/daily/ssp245/sfcWind/sfcWind_ssp245_AWI-CM-1-1-MR_CCAM_daily_NZ5km_raw.nc
sfcWind,ssp245,CNRM-CM6-1_CCAM,sfcWind_ssp245_CNRM-CM6-1_CCAM_daily_NZ5km_raw.nc,https://climatedata.environment.govt.nz/files/data/daily/ssp245/sfcWind/sfcWind_ssp245_CNRM-CM6-1_CCAM_daily_NZ5km_raw.nc
sfcWind,ssp245,EC-Earth3_CCAM,sfcWind_ssp245_EC-Earth3_CCAM_daily_NZ5km_raw.nc,https://climatedata.environment.govt.nz/files/data/daily/ssp245/sfcWind/sfcWind_ssp245_EC-Earth3_CCAM_daily_NZ5km_raw.nc
sfcWind,ssp245,GFDL-ESM4_CCAM,sfcWind_ssp245_GFDL-ESM4_CCAM_daily_NZ5km_raw.nc,https://climatedata.environment.govt.nz/files/data/daily/ssp245/sfcWind/sfcWind_ssp245_GFDL-ESM4_CCAM_daily_NZ5km_raw.nc
sfcWind,ssp245,NZESM_UM,sfcWind_ssp245_NZESM_UM_daily_NZ5km_raw.nc,https://climatedata.environment.govt.nz/files/data/daily/ssp245/sfcWind/sfcWind_ssp245_NZESM_UM_daily_NZ5km_raw.nc
sfcWind,ssp245,NorESM2-MM_CCAM,sfcWind_ssp245_NorESM2-MM_CCAM_daily_NZ5km_raw.nc,https://climatedata.environment.govt.nz/files/data/daily/ssp245/sfcWind/sfcWind_ssp245_NorESM2-MM_CCAM_daily_NZ5km_raw.nc
sfcWindmax,ssp245,ACCESS-CM2_CCAM,sfcWindmax_ssp245_ACCESS-CM2_CCAM_daily_NZ5km_raw.nc,https://climatedata.environment.govt.nz/files/data/daily/ssp245/sfcWindmax/sfcWindmax_ssp245_ACCESS-CM2_CCAM_daily_NZ5km_raw.nc
sfcWindmax,ssp245,AWI-CM-1-1-MR_CCAM,sfcWindmax_ssp245_AWI-CM-1-1-MR_CCAM_daily_NZ5km_raw.nc,https://climatedata.environment.govt.nz/files/data/daily/ssp245/sfcWindmax/sfcWindmax_ssp245_AWI-CM-1-1-MR_CCAM_daily_NZ5km_raw.nc
sfcWindmax,ssp245,CNRM-CM6-1_CCAM,sfcWindmax_ssp245_CNRM-CM6-1_CCAM_daily_NZ5km_raw.nc,https://climatedata.environment.govt.nz/files/data/daily/ssp245/sfcWindmax/sfcWindmax_ssp245_CNRM-CM6-1_CCAM_daily_NZ5km_raw.nc
sfcWindmax,ssp245,EC-Earth3_CCAM,sfcWindmax_ssp245_EC-Earth3_CCAM_daily_NZ5km_raw.nc,https://climatedata.environment.govt.nz/files/data/daily/ssp245/sfcWindmax/sfcWindmax_ssp245_EC-Earth3_CCAM_daily_NZ5km_raw.nc
sfcWindmax,ssp245,GFDL-ESM4_CCAM,sfcWindmax_ssp245_GFDL-ESM4_CCAM_daily_NZ5km_raw.nc,https://climatedata.environment.govt.nz/files/data/daily/ssp245/sfcWindmax/sfcWindmax_ssp245_GFDL-ESM4_CCAM_daily_NZ5km_raw.nc
sfcWindmax,ssp245,NZESM_UM,sfcWindmax_ssp245_NZESM_UM_daily_NZ5km_raw.nc,https://climatedata.environment.govt.nz/files/data/daily/ssp245/sfcWindmax/sfcWindmax_ssp245_NZESM_UM_daily_NZ5km_raw.nc
sfcWindmax,ssp245,NorESM2-MM_CCAM,sfcWindmax_ssp245_NorESM2-MM_CCAM_daily_NZ5km_raw.nc,https://climatedata.environment.govt.nz/files/data/daily/ssp245/sfcWindmax/sfcWindmax_ssp245_NorESM2-MM_CCAM_daily_NZ5km_raw.nc
tas,ssp245,ACCESS-CM2_CCAM,tas_ssp245_ACCESS-CM2_CCAM_daily_NZ5km_bc.nc,https://climatedata.environment.govt.nz/files/data/daily/ssp245/tas/tas_ssp245_ACCESS-CM2_CCAM_daily_NZ5km_bc.nc
tas,ssp245,AWI-CM-1-1-MR_CCAM,tas_ssp245_AWI-CM-1-1-MR_CCAM_daily_NZ5km_bc.nc,https://climatedata.environment.govt.nz/files/data/daily/ssp245/tas/tas_ssp245_AWI-CM-1-1-MR_CCAM_daily_NZ5km_bc.nc
tas,ssp245,CNRM-CM6-1_CCAM,tas_ssp245_CNRM-CM6-1_CCAM_daily_NZ5km_bc.nc,https://climatedata.environment.govt.nz/files/data/daily/ssp245/tas/tas_ssp245_CNRM-CM6-1_CCAM_daily_NZ5km_bc.nc
tas,ssp245,EC-Earth3_CCAM,tas_ssp245_EC-Earth3_CCAM_daily_NZ5km_bc.nc,https://climatedata.environment.govt.nz/files/data/daily/ssp245/tas/tas_ssp245_EC-Earth3_CCAM_daily_NZ5km_bc.nc
tas,ssp245,GFDL-ESM4_CCAM,tas_ssp245_GFDL-ESM4_CCAM_daily_NZ5km_bc.nc,https://climatedata.environment.govt.nz/files/data/daily/ssp245/tas/tas_ssp245_GFDL-ESM4_CCAM_daily_NZ5km_bc.nc
tas,ssp245,NZESM_UM,tas_ssp245_NZESM_UM_daily_NZ5km_bc.nc,https://climatedata.environment.govt.nz/files/data/daily/ssp245/tas/tas_ssp245_NZESM_UM_daily_NZ5km_bc.nc
tas,ssp245,NorESM2-MM_CCAM,tas_ssp245_NorESM2-MM_CCAM_daily_NZ5km_bc.nc,https://climatedata.environment.govt.nz/files/data/daily/ssp245/tas/tas_ssp245_NorESM2-MM_CCAM_daily_NZ5km_bc.nc
tasmax,ssp245,ACCESS-CM2_CCAM,tasmax_ssp245_ACCESS-CM2_CCAM_daily_NZ5km_bc.nc,https://climatedata.environment.govt.nz/files/data/daily/ssp245/tasmax/tasmax_ssp245_ACCESS-CM2_CCAM_daily_NZ5km_bc.nc
tasmax,ssp245,AWI-CM-1-1-MR_CCAM,tasmax_ssp245_AWI-CM-1-1-MR_CCAM_daily_NZ5km_bc.nc,https://climatedata.environment.govt.nz/files/data/daily/ssp245/tasmax/tasmax_ssp245_AWI-CM-1-1-MR_CCAM_daily_NZ5km_bc.nc
tasmax,ssp245,CNRM-CM6-1_CCAM,tasmax_ssp245_CNRM-CM6-1_CCAM_daily_NZ5km_bc.nc,https://climatedata.environment.govt.nz/files/data/daily/ssp245/tasmax/tasmax_ssp245_CNRM-CM6-1_CCAM_daily_NZ5km_bc.nc
tasmax,ssp245,EC-Earth3_CCAM,tasmax_ssp245_EC-Earth3_CCAM_daily_NZ5km_bc.nc,https://climatedata.environment.govt.nz/files/data/daily/ssp245/tasmax/tasmax_ssp245_EC-Earth3_CCAM_daily_NZ5km_bc.nc
tasmax,ssp245,GFDL-ESM4_CCAM,tasmax_ssp245_GFDL-ESM4_CCAM_daily_NZ5km_bc.nc,https://climatedata.environment.govt.nz/files/data/daily/ssp245/tasmax/tasmax_ssp245_GFDL-ESM4_CCAM_daily_NZ5km_bc.nc
tasmax,ssp245,NZESM_UM,tasmax_ssp245_NZESM_UM_daily_NZ5km_bc.nc,https://climatedata.environment.govt.nz/files/data/daily/ssp245/tasmax/tasmax_ssp245_NZESM_UM_daily_NZ5km_bc.nc
tasmax,ssp245,NorESM2-MM_CCAM,tasmax_ssp245_NorESM2-MM_CCAM_daily_NZ5km_bc.nc,https://climatedata.environment.govt.nz/files/data/daily/ssp245/tasmax/tasmax_ssp245_NorESM2-MM_CCAM_daily_NZ5km_bc.nc
tasmin,ssp245,ACCESS-CM2_CCAM,tasmin_ssp245_ACCESS-CM2_CCAM_daily_NZ5km_bc.nc,https://climatedata.environment.govt.nz/files/data/daily/ssp245/tasmin/tasmin_ssp245_ACCESS-CM2_CCAM_daily_NZ5km_bc.nc
tasmin,ssp245,AWI-CM-1-1-MR_CCAM,tasmin_ssp245_AWI-CM-1-1-MR_CCAM_daily_NZ5km_bc.nc,https://climatedata.environment.govt.nz/files/data/daily/ssp245/tasmin/tasmin_ssp245_AWI-CM-1-1-MR_CCAM_daily_NZ5km_bc.nc
tasmin,ssp245,CNRM-CM6-1_CCAM,tasmin_ssp245_CNRM-CM6-1_CCAM_daily_NZ5km_bc.nc,https://climatedata.environment.govt.nz/files/data/daily/ssp245/tasmin/tasmin_ssp245_CNRM-CM6-1_CCAM_daily_NZ5km_bc.nc
tasmin,ssp245,EC-Earth3_CCAM,tasmin_ssp245_EC-Earth3_CCAM_daily_NZ5km_bc.nc,https://climatedata.environment.govt.nz/files/data/daily/ssp245/tasmin/tasmin_ssp245_EC-Earth3_CCAM_daily_NZ5km_bc.nc
tasmin,ssp245,GFDL-ESM4_CCAM,tasmin_ssp245_GFDL-ESM4_CCAM_daily_NZ5km_bc.nc,https://climatedata.environment.govt.nz/files/data/daily/ssp245/tasmin/tasmin_ssp245_GFDL-ESM4_CCAM_daily_NZ5km_bc.nc
tasmin,ssp245,NZESM_UM,tasmin_ssp245_NZESM_UM_daily_NZ5km_bc.nc,https://climatedata.environment.govt.nz/files/data/daily/ssp245/tasmin/tasmin_ssp245_NZESM_UM_daily_NZ5km_bc.nc
tasmin,ssp245,NorESM2-MM_CCAM,tasmin_ssp245_NorESM2-MM_CCAM_daily_NZ5km_bc.nc,https://climatedata.environment.govt.nz/files/data/daily/ssp245/tasmin/tasmin_ssp245_NorESM2-MM_CCAM_daily_NZ5km_bc.nc
PEDsrad,ssp370,ACCESS-CM2_CCAM,PEDsrad_ssp370_ACCESS-CM2_CCAM_daily_NZ5km_bc.nc,https://climatedata.environment.govt.nz/files/data/daily/ssp370/PEDsrad/PEDsrad_ssp370_ACCESS-CM2_CCAM_daily_NZ5km_bc.nc
PEDsrad,ssp370,AWI-CM-1-1-MR_CCAM,PEDsrad_ssp370_AWI-CM-1-1-MR_CCAM_daily_NZ5km_bc.nc,https://climatedata.environment.govt.nz/files/data/daily/ssp370/PEDsrad/PEDsrad_ssp370_AWI-CM-1-1-MR_CCAM_daily_NZ5km_bc.nc
PEDsrad,ssp370,CNRM-CM6-1_CCAM,PEDsrad_ssp370_CNRM-CM6-1_CCAM_daily_NZ5km_bc.nc,https://climatedata.environment.govt.nz/files/data/daily/ssp370/PEDsrad/PEDsrad_ssp370_CNRM-CM6-1_CCAM_daily_NZ5km_bc.nc
PEDsrad,ssp370,EC-Earth3_CCAM,PEDsrad_ssp370_EC-Earth3_CCAM_daily_NZ5km_bc.nc,https://climatedata.environment.govt.nz/files/data/daily/ssp370/PEDsrad/PEDsrad_ssp370_EC-Earth3_CCAM_daily_NZ5km_bc.nc
PEDsrad,ssp370,GFDL-ESM4_CCAM,PEDsrad_ssp370_GFDL-ESM4_CCAM_daily_NZ5km_bc.nc,https://climatedata.environment.govt.nz/files/data/daily/ssp370/PEDsrad/PEDsrad_ssp370_GFDL-ESM4_CCAM_daily_NZ5km_bc.nc
PEDsrad,ssp370,NorESM2-MM_CCAM,PEDsrad_ssp370_NorESM2-MM_CCAM_daily_NZ5km_bc.nc,https://climatedata.environment.govt.nz/files/data/daily/ssp370/PEDsrad/PEDsrad_ssp370_NorESM2-MM_CCAM_daily_NZ5km_bc.nc
PETsrad,ssp370,ACCESS-CM2_CCAM,PETsrad_ssp370_ACCESS-CM2_CCAM_daily_NZ5km_bc.nc,https://climatedata.environment.govt.nz/files/data/daily/ssp370/PETsrad/PETsrad_ssp370_ACCESS-CM2_CCAM_daily_NZ5km_bc.nc
PETsrad,ssp370,AWI-CM-1-1-MR_CCAM,PETsrad_ssp370_AWI-CM-1-1-MR_CCAM_daily_NZ5km_bc.nc,https://climatedata.environment.govt.nz/files/data/daily/ssp370/PETsrad/PETsrad_ssp370_AWI-CM-1-1-MR_CCAM_daily_NZ5km_bc.nc
PETsrad,ssp370,CNRM-CM6-1_CCAM,PETsrad_ssp370_CNRM-CM6-1_CCAM_daily_NZ5km_bc.nc,https://climatedata.environment.govt.nz/files/data/daily/ssp370/PETsrad/PETsrad_ssp370_CNRM-CM6-1_CCAM_daily_NZ5km_bc.nc
PETsrad,ssp370,EC-Earth3_CCAM,PETsrad_ssp370_EC-Earth3_CCAM_daily_NZ5km_bc.nc,https://climatedata.environment.govt.nz/files/data/daily/ssp370/PETsrad/PETsrad_ssp370_EC-Earth3_CCAM_daily_NZ5km_bc.nc
PETsrad,ssp370,GFDL-ESM4_CCAM,PETsrad_ssp370_GFDL-ESM4_CCAM_daily_NZ5km_bc.nc,https://climatedata.environment.govt.nz/files/data/daily/ssp370/PETsrad/PETsrad_ssp370_GFDL-ESM4_CCAM_daily_NZ5km_bc.nc
PETsrad,ssp370,NorESM2-MM_CCAM,PETsrad_ssp370_NorESM2-MM_CCAM_daily_NZ5km_bc.nc,https://climatedata.environment.govt.nz/files/data/daily/ssp370/PETsrad/PETsrad_ssp370_NorESM2-MM_CCAM_daily_NZ5km_bc.nc
hurs,ssp370,ACCESS-CM2_CCAM,hurs_ssp370_ACCESS-CM2_CCAM_daily_NZ5km_raw.nc,https://climatedata.environment.govt.nz/files/data/daily/ssp370/hurs/hurs_ssp370_ACCESS-CM2_CCAM_daily_NZ5km_raw.nc
hurs,ssp370,AWI-CM-1-1-MR_CCAM,hurs_ssp370_AWI-CM-1-1-MR_CCAM_daily_NZ5km_raw.nc,https://climatedata.environment.govt.nz/files/data/daily/ssp370/hurs/hurs_ssp370_AWI-CM-1-1-MR_CCAM_daily_NZ5km_raw.nc
hurs,ssp370,CNRM-CM6-1_CCAM,hurs_ssp370_CNRM-CM6-1_CCAM_daily_NZ5km_raw.nc,https://climatedata.environment.govt.nz/files/data/daily/ssp370/hurs/hurs_ssp370_CNRM-CM6-1_CCAM_daily_NZ5km_raw.nc
hurs,ssp370,EC-Earth3_CCAM,hurs_ssp370_EC-Earth3_CCAM_daily_NZ5km_raw.nc,https://climatedata.environment.govt.nz/files/data/daily/ssp370/hurs/hurs_ssp370_EC-Earth3_CCAM_daily_NZ5km_raw.nc
hurs,ssp370,GFDL-ESM4_CCAM,hurs_ssp370_GFDL-ESM4_CCAM_daily_NZ5km_raw.nc,https://climatedata.environment.govt.nz/files/data/daily/ssp370/hurs/hurs_ssp370_GFDL-ESM4_CCAM_daily_NZ5km_raw.nc
hurs,ssp370,NZESM_UM,hurs_ssp370_NZESM_UM_daily_NZ5km_raw.nc,https://climatedata.environment.govt.nz/files/data/daily/ssp370/hurs/hurs_ssp370_NZESM_UM_daily_NZ5km_raw.nc
hurs,ssp370,NorESM2-MM_CCAM,hurs_ssp370_NorESM2-MM_CCAM_daily_NZ5km_raw.nc,https://climatedata.environment.govt.nz/files/data/daily/ssp370/hurs/hurs_ssp370_NorESM2-MM_CCAM_daily_NZ5km_raw.nc
pr,ssp370,ACCESS-CM2_CCAM,pr_ssp370_ACCESS-CM2_CCAM_daily_NZ5km_bc.nc,https://climatedata.environment.govt.nz/files/data/daily/ssp370/pr/pr_ssp370_ACCESS-CM2_CCAM_daily_NZ5km_bc.nc
pr,ssp370,AWI-CM-1-1-MR_CCAM,pr_ssp370_AWI-CM-1-1-MR_CCAM_daily_NZ5km_bc.nc,https://climatedata.environment.govt.nz/files/data/daily/ssp370/pr/pr_ssp370_AWI-CM-1-1-MR_CCAM_daily_NZ5km_bc.nc
pr,ssp370,CNRM-CM6-1_CCAM,pr_ssp370_CNRM-CM6-1_CCAM_daily_NZ5km_bc.nc,https://climatedata.environment.govt.nz/files/data/daily/ssp370/pr/pr_ssp370_CNRM-CM6-1_CCAM_daily_NZ5km_bc.nc
pr,ssp370,EC-Earth3_CCAM,pr_ssp370_EC-Earth3_CCAM_daily_NZ5km_bc.nc,https://climatedata.environment.govt.nz/files/data/daily/ssp370/pr/pr_ssp370_EC-Earth3_CCAM_daily_NZ5km_bc.nc
pr,ssp370,GFDL-ESM4_CCAM,pr_ssp370_GFDL-ESM4_CCAM_daily_NZ5km_bc.nc,https://climatedata.environment.govt.nz/files/data/daily/ssp370/pr/pr_ssp370_GFDL-ESM4_CCAM_daily_NZ5km_bc.nc
pr,ssp370,NZESM_UM,pr_ssp370_NZESM_UM_daily_NZ5km_bc.nc,https://climatedata.environment.govt.nz/files/data/daily/ssp370/pr/pr_ssp370_NZESM_UM_daily_NZ5km_bc.nc
pr,ssp370,NorESM2-MM_CCAM,pr_ssp370_NorESM2-MM_CCAM_daily_NZ5km_bc.nc,https://climatedata.environment.govt.nz/files/data/daily/ssp370/pr/pr_ssp370_NorESM2-MM_CCAM_daily_NZ5km_bc.nc
rsds,ssp370,ACCESS-CM2_CCAM,rsds_ssp370_ACCESS-CM2_CCAM_daily_NZ5km_raw.nc,https://climatedata.environment.govt.nz/files/data/daily/ssp370/rsds/rsds_ssp370_ACCESS-CM2_CCAM_daily_NZ5km_raw.nc
rsds,ssp370,AWI-CM-1-1-MR_CCAM,rsds_ssp370_AWI-CM-1-1-MR_CCAM_daily_NZ5km_raw.nc,https://climatedata.environment.govt.nz/files/data/daily/ssp370/rsds/rsds_ssp370_AWI-CM-1-1-MR_CCAM_daily_NZ5km_raw.nc
rsds,ssp370,CNRM-CM6-1_CCAM,rsds_ssp370_CNRM-CM6-1_CCAM_daily_NZ5km_raw.nc,https://climatedata.environment.govt.nz/files/data/daily/ssp370/rsds/rsds_ssp370_CNRM-CM6-1_CCAM_daily_NZ5km_raw.nc
rsds,ssp370,EC-Earth3_CCAM,rsds_ssp370_EC-Earth3_CCAM_daily_NZ5km_raw.nc,https://climatedata.environment.govt.nz/files/data/daily/ssp370/rsds/rsds_ssp370_EC-Earth3_CCAM_daily_NZ5km_raw.nc
rsds,ssp370,GFDL-ESM4_CCAM,rsds_ssp370_GFDL-ESM4_CCAM_daily_NZ5km_raw.nc,https://climatedata.environment.govt.nz/files/data/daily/ssp370/rsds/rsds_ssp370_GFDL-ESM4_CCAM_daily_NZ5km_raw.nc
rsds,ssp370,NZESM_UM,rsds_ssp370_NZESM_UM_daily_NZ5km_raw.nc,https://climatedata.environment.govt.nz/files/data/daily/ssp370/rsds/rsds_ssp370_NZESM_UM_daily_NZ5km_raw.nc
rsds,ssp370,NorESM2-MM_CCAM,rsds_ssp370_NorESM2-MM_CCAM_daily_NZ5km_raw.nc,https://climatedata.environment.govt.nz/files/data/daily/ssp370/rsds/rsds_ssp370_NorESM2-MM_CCAM_daily_NZ5km_raw.nc
sfcWind,ssp370,ACCESS-CM2_CCAM,sfcWind_ssp370_ACCESS-CM2_CCAM_daily_NZ5km_raw.nc,https://climatedata.environment.govt.nz/files/data/daily/ssp370/sfcWind/sfcWind_ssp370_ACCESS-CM2_CCAM_daily_NZ5km_raw.nc
sfcWind,ssp370,AWI-CM-1-1-MR_CCAM,sfcWind_ssp370_AWI-CM-1-1-MR_CCAM_daily_NZ5km_raw.nc,https://climatedata.environment.govt.nz/files/data/daily/ssp370/sfcWind/sfcWind_ssp370_AWI-CM-1-1-MR_CCAM_daily_NZ5km_raw.nc
sfcWind,ssp370,CNRM-CM6-1_CCAM,sfcWind_ssp370_CNRM-CM6-1_CCAM_daily_NZ5km_raw.nc,https://climatedata.environment.govt.nz/files/data/daily/ssp370/sfcWind/sfcWind_ssp370_CNRM-CM6-1_CCAM_daily_NZ5km_raw.nc
sfcWind,ssp370,EC-Earth3_CCAM,sfcWind_ssp370_EC-Earth3_CCAM_daily_NZ5km_raw.nc,https://climatedata.environment.govt.nz/files/data/daily/ssp370/sfcWind/sfcWind_ssp370_EC-Earth3_CCAM_daily_NZ5km_raw.nc
sfcWind,ssp370,GFDL-ESM4_CCAM,sfcWind_ssp370_GFDL-ESM4_CCAM_daily_NZ5km_raw.nc,https://climatedata.environment.govt.nz/files/data/daily/ssp370/sfcWind/sfcWind_ssp370_GFDL-ESM4_CCAM_daily_NZ5km_raw.nc
sfcWind,ssp370,NZESM_UM,sfcWind_ssp370_NZESM_UM_daily_NZ5km_raw.nc,https://climatedata.environment.govt.nz/files/data/daily/ssp370/sfcWind/sfcWind_ssp370_NZESM_UM_daily_NZ5km_raw.nc
sfcWind,ssp370,NorESM2-MM_CCAM,sfcWind_ssp370_NorESM2-MM_CCAM_daily_NZ5km_raw.nc,https://climatedata.environment.govt.nz/files/data/daily/ssp370/sfcWind/sfcWind_ssp370_NorESM2-MM_CCAM_daily_NZ5km_raw.nc
sfcWindmax,ssp370,ACCESS-CM2_CCAM,sfcWindmax_ssp370_ACCESS-CM2_CCAM_daily_NZ5km_raw.nc,https://climatedata.environment.govt.nz/files/data/daily/ssp370/sfcWindmax/sfcWindmax_ssp370_ACCESS-CM2_CCAM_daily_NZ5km_raw.nc
sfcWindmax,ssp370,AWI-CM-1-1-MR_CCAM,sfcWindmax_ssp370_AWI-CM-1-1-MR_CCAM_daily_NZ5km_raw.nc,https://climatedata.environment.govt.nz/files/data/daily/ssp370/sfcWindmax/sfcWindmax_ssp370_AWI-CM-1-1-MR_CCAM_daily_NZ5km_raw.nc
sfcWindmax,ssp370,CNRM-CM6-1_CCAM,sfcWindmax_ssp370_CNRM-CM6-1_CCAM_daily_NZ5km_raw.nc,https://climatedata.environment.govt.nz/files/data/daily/ssp370/sfcWindmax/sfcWindmax_ssp370_CNRM-CM6-1_CCAM_daily_NZ5km_raw.nc
sfcWindmax,ssp370,EC-Earth3_CCAM,sfcWindmax_ssp370_EC-Earth3_CCAM_daily_NZ5km_raw.nc,https://climatedata.environment.govt.nz/files/data/daily/ssp370/sfcWindmax/sfcWindmax_ssp370_EC-Earth3_CCAM_daily_NZ5km_raw.nc
sfcWindmax,ssp370,GFDL-ESM4_CCAM,sfcWindmax_ssp370_GFDL-ESM4_CCAM_daily_NZ5km_raw.nc,https://climatedata.environment.govt.nz/files/data/daily/ssp370/sfcWindmax/sfcWindmax_ssp370_GFDL-ESM4_CCAM_daily_NZ5km_raw.nc
sfcWindmax,ssp370,NZESM_UM,sfcWindmax_ssp370_NZESM_UM_daily_NZ5km_raw.nc,https://climatedata.environment.govt.nz/files/data/daily/ssp370/sfcWindmax/sfcWindmax_ssp370_NZESM_UM_daily_NZ5km_raw.nc
sfcWindmax,ssp370,NorESM2-MM_CCAM,sfcWindmax_ssp370_NorESM2-MM_CCAM_daily_NZ5km_raw.nc,https://climatedata.environment.govt.nz/files/data/daily/ssp370/sfcWindmax/sfcWindmax_ssp370_NorESM2-MM_CCAM_daily_NZ5km_raw.nc
tas,ssp370,ACCESS-CM2_CCAM,tas_ssp370_ACCESS-CM2_CCAM_daily_NZ5km_bc.nc,https://climatedata.environment.govt.nz/files/data/daily/ssp370/tas/tas_ssp370_ACCESS-CM2_CCAM_daily_NZ5km_bc.nc
tas,ssp370,AWI-CM-1-1-MR_CCAM,tas_ssp370_AWI-CM-1-1-MR_CCAM_daily_NZ5km_bc.nc,https://climatedata.environment.govt.nz/files/data/daily/ssp370/tas/tas_ssp370_AWI-CM-1-1-MR_CCAM_daily_NZ5km_bc.nc
tas,ssp370,CNRM-CM6-1_CCAM,tas_ssp370_CNRM-CM6-1_CCAM_daily_NZ5km_bc.nc,https://climatedata.environment.govt.nz/files/data/daily/ssp370/tas/tas_ssp370_CNRM-CM6-1_CCAM_daily_NZ5km_bc.nc
tas,ssp370,EC-Earth3_CCAM,tas_ssp370_EC-Earth3_CCAM_daily_NZ5km_bc.nc,https://climatedata.environment.govt.nz/files/data/daily/ssp370/tas/tas_ssp370_EC-Earth3_CCAM_daily_NZ5km_bc.nc
tas,ssp370,GFDL-ESM4_CCAM,tas_ssp370_GFDL-ESM4_CCAM_daily_NZ5km_bc.nc,https://climatedata.environment.govt.nz/files/data/daily/ssp370/tas/tas_ssp370_GFDL-ESM4_CCAM_daily_NZ5km_bc.nc
tas,ssp370,NZESM_UM,tas_ssp370_NZESM_UM_daily_NZ5km_bc.nc,https://climatedata.environment.govt.nz/files/data/daily/ssp370/tas/tas_ssp370_NZESM_UM_daily_NZ5km_bc.nc
tas,ssp370,NorESM2-MM_CCAM,tas_ssp370_NorESM2-MM_CCAM_daily_NZ5km_bc.nc,https://climatedata.environment.govt.nz/files/data/daily/ssp370/tas/tas_ssp370_NorESM2-MM_CCAM_daily_NZ5km_bc.nc
tasmax,ssp370,ACCESS-CM2_CCAM,tasmax_ssp370_ACCESS-CM2_CCAM_daily_NZ5km_bc.nc,https://climatedata.environment.govt.nz/files/data/daily/ssp370/tasmax/tasmax_ssp370_ACCESS-CM2_CCAM_daily_NZ5km_bc.nc
tasmax,ssp370,AWI-CM-1-1-MR_CCAM,tasmax_ssp370_AWI-CM-1-1-MR_CCAM_daily_NZ5km_bc.nc,https://climatedata.environment.govt.nz/files/data/daily/ssp370/tasmax/tasmax_ssp370_AWI-CM-1-1-MR_CCAM_daily_NZ5km_bc.nc
tasmax,ssp370,CNRM-CM6-1_CCAM,tasmax_ssp370_CNRM-CM6-1_CCAM_daily_NZ5km_bc.nc,https://climatedata.environment.govt.nz/files/data/daily/ssp370/tasmax/tasmax_ssp370_CNRM-CM6-1_CCAM_daily_NZ5km_bc.nc
tasmax,ssp370,EC-Earth3_CCAM,tasmax_ssp370_EC-Earth3_CCAM_daily_NZ5km_bc.nc,https://climatedata.environment.govt.nz/files/data/daily/ssp370/tasmax/tasmax_ssp370_EC-Earth3_CCAM_daily_NZ5km_bc.nc
tasmax,ssp370,GFDL-ESM4_CCAM,tasmax_ssp370_GFDL-ESM4_CCAM_daily_NZ5km_bc.nc,https://climatedata.environment.govt.nz/files/data/daily/ssp370/tasmax/tasmax_ssp370_GFDL-ESM4_CCAM_daily_NZ5km_bc.nc
tasmax,ssp370,NZESM_UM,tasmax_ssp370_NZESM_UM_daily_NZ5km_bc.nc,https://climatedata.environment.govt.nz/files/data/daily/ssp370/tasmax/tasmax_ssp370_NZESM_UM_daily_NZ5km_bc.nc
tasmax,ssp370,NorESM2-MM_CCAM,tasmax_ssp370_NorESM2-MM_CCAM_daily_NZ5km_bc.nc,https://climatedata.environment.govt.nz/files/data/daily/ssp370/tasmax/tasmax_ssp370_NorESM2-MM_CCAM_daily_NZ5km_bc.nc
tasmin,ssp370,ACCESS-CM2_CCAM,tasmin_ssp370_ACCESS-CM2_CCAM_daily_NZ5km_bc.nc,https://climatedata.environment.govt.nz/files/data/daily/ssp370/tasmin/tasmin_ssp370_ACCESS-CM2_CCAM_daily_NZ5km_bc.nc
tasmin,ssp370,AWI-CM-1-1-MR_CCAM,tasmin_ssp370_AWI-CM-1-1-MR_CCAM_daily_NZ5km_bc.nc,https://climatedata.environment.govt.nz/files/data/daily/ssp370/tasmin/tasmin_ssp370_AWI-CM-1-1-MR_CCAM_daily_NZ5km_bc.nc
tasmin,ssp370,CNRM-CM6-1_CCAM,tasmin_ssp370_CNRM-CM6-1_CCAM_daily_NZ5km_bc.nc,https://climatedata.environment.govt.nz/files/data/daily/ssp370/tasmin/tasmin_ssp370_CNRM-CM6-1_CCAM_daily_NZ5km_bc.nc
tasmin,ssp370,EC-Earth3_CCAM,tasmin_ssp370_EC-Earth3_CCAM_daily_NZ5km_bc.nc,https://climatedata.environment.govt.nz/files/data/daily/ssp370/tasmin/tasmin_ssp370_EC-Earth3_CCAM_daily_NZ5km_bc.nc
tasmin,ssp370,GFDL-ESM4_CCAM,tasmin_ssp370_GFDL-ESM4_CCAM_daily_NZ5km_bc.nc,https://climatedata.environment.govt.nz/files/data/daily/ssp370/tasmin/tasmin_ssp370_GFDL-ESM4_CCAM_daily_NZ5km_bc.nc
tasmin,ssp370,NZESM_UM,tasmin_ssp370_NZESM_UM_daily_NZ5km_bc.nc,https://climatedata.environment.govt.nz/files/data/daily/ssp370/tasmin/tasmin_ssp370_NZESM_UM_daily_NZ5km_bc.nc
tasmin,ssp370,NorESM2-MM_CCAM,tasmin_ssp370_NorESM2-MM_CCAM_daily_NZ5km_bc.nc,https://climatedata.environment.govt.nz/files/data/daily/ssp370/tasmin/tasmin_ssp370_NorESM2-MM_CCAM_daily_NZ5km_bc.nc
PEDsrad,ssp585,ACCESS-CM2_CCAM,PEDsrad_ssp585_ACCESS-CM2_CCAM_daily_NZ5km_bc.nc,https://climatedata.environment.govt.nz/files/data/daily/ssp585/PEDsrad/PEDsrad_ssp585_ACCESS-CM2_CCAM_daily_NZ5km_bc.nc
PEDsrad,ssp585,AWI-CM-1-1-MR_CCAM,PEDsrad_ssp585_AWI-CM-1-1-MR_CCAM_daily_NZ5km_bc.nc,https://climatedata.environment.govt.nz/files/data/daily/ssp585/PEDsrad/PEDsrad_ssp585_AWI-CM-1-1-MR_CCAM_daily_NZ5km_bc.nc
PEDsrad,ssp585,CNRM-CM6-1_CCAM,PEDsrad_ssp585_CNRM-CM6-1_CCAM_daily_NZ5km_bc.nc,https://climatedata.environment.govt.nz/files/data/daily/ssp585/PEDsrad/PEDsrad_ssp585_CNRM-CM6-1_CCAM_daily_NZ5km_bc.nc
PEDsrad,ssp585,EC-Earth3_CCAM,PEDsrad_ssp585_EC-Earth3_CCAM_daily_NZ5km_bc.nc,https://climatedata.environment.govt.nz/files/data/daily/ssp585/PEDsrad/PEDsrad_ssp585_EC-Earth3_CCAM_daily_NZ5km_bc.nc
PEDsrad,ssp585,GFDL-ESM4_CCAM,PEDsrad_ssp585_GFDL-ESM4_CCAM_daily_NZ5km_bc.nc,https://climatedata.environment.govt.nz/files/data/daily/ssp585/PEDsrad/PEDsrad_ssp585_GFDL-ESM4_CCAM_daily_NZ5km_bc.nc
PEDsrad,ssp585,NorESM2-MM_CCAM,PEDsrad_ssp585_NorESM2-MM_CCAM_daily_NZ5km_bc.nc,https://climatedata.environment.govt.nz/files/data/daily/ssp585/PEDsrad/PEDsrad_ssp585_NorESM2-MM_CCAM_daily_NZ5km_bc.nc
PETsrad,ssp585,ACCESS-CM2_CCAM,PETsrad_ssp585_ACCESS-CM2_CCAM_daily_NZ5km_bc.nc,https://climatedata.environment.govt.nz/files/data/daily/ssp585/PETsrad/PETsrad_ssp585_ACCESS-CM2_CCAM_daily_NZ5km_bc.nc
PETsrad,ssp585,AWI-CM-1-1-MR_CCAM,PETsrad_ssp585_AWI-CM-1-1-MR_CCAM_daily_NZ5km_bc.nc,https://climatedata.environment.govt.nz/files/data/daily/ssp585/PETsrad/PETsrad_ssp585_AWI-CM-1-1-MR_CCAM_daily_NZ5km_bc.nc
PETsrad,ssp585,CNRM-CM6-1_CCAM,PETsrad_ssp585_CNRM-CM6-1_CCAM_daily_NZ5km_bc.nc,https://climatedata.environment.govt.nz/files/data/daily/ssp585/PETsrad/PETsrad_ssp585_CNRM-CM6-1_CCAM_daily_NZ5km_bc.nc
PETsrad,ssp585,EC-Earth3_CCAM,PETsrad_ssp585_EC-Earth3_CCAM_daily_NZ5km_bc.nc,https://climatedata.environment.govt.nz/files/data/daily/ssp585/PETsrad/PETsrad_ssp585_EC-Earth3_CCAM_daily_NZ5km_bc.nc
PETsrad,ssp585,GFDL-ESM4_CCAM,PETsrad_ssp585_GFDL-ESM4_CCAM_daily_NZ5km_bc.nc,https://climatedata.environment.govt.nz/files/data/daily/ssp585/PETsrad/PETsrad_ssp585_GFDL-ESM4_CCAM_daily_NZ5km_bc.nc
PETsrad,ssp585,NorESM2-MM_CCAM,PETsrad_ssp585_NorESM2-MM_CCAM_daily_NZ5km_bc.nc,https://climatedata.environment.govt.nz/files/data/daily/ssp585/PETsrad/PETsrad_ssp585_NorESM2-MM_CCAM_daily_NZ5km_bc.nc
hurs,ssp585,ACCESS-CM2_CCAM,hurs_ssp585_ACCESS-CM2_CCAM_daily_NZ5km_raw.nc,https://climatedata.environment.govt.nz/files/data/daily/ssp585/hurs/hurs_ssp585_ACCESS-CM2_CCAM_daily_NZ5km_raw.nc
hurs,ssp585,AWI-CM-1-1-MR_CCAM,hurs_ssp585_AWI-CM-1-1-MR_CCAM_daily_NZ5km_raw.nc,https://climatedata.environment.govt.nz/files/data/daily/ssp585/hurs/hurs_ssp585_AWI-CM-1-1-MR_CCAM_daily_NZ5km_raw.nc
hurs,ssp585,CNRM-CM6-1_CCAM,hurs_ssp585_CNRM-CM6-1_CCAM_daily_NZ5km_raw.nc,https://climatedata.environment.govt.nz/files/data/daily/ssp585/hurs/hurs_ssp585_CNRM-CM6-1_CCAM_daily_NZ5km_raw.nc
hurs,ssp585,EC-Earth3_CCAM,hurs_ssp585_EC-Earth3_CCAM_daily_NZ5km_raw.nc,https://climatedata.environment.govt.nz/files/data/daily/ssp585/hurs/hurs_ssp585_EC-Earth3_CCAM_daily_NZ5km_raw.nc
hurs,ssp585,GFDL-ESM4_CCAM,hurs_ssp585_GFDL-ESM4_CCAM_daily_NZ5km_raw.nc,https://climatedata.environment.govt.nz/files/data/daily/ssp585/hurs/hurs_ssp585_GFDL-ESM4_CCAM_daily_NZ5km_raw.nc
hurs,ssp585,NorESM2-MM_CCAM,hurs_ssp585_NorESM2-MM_CCAM_daily_NZ5km_raw.nc,https://climatedata.environment.govt.nz/files/data/daily/ssp585/hurs/hurs_ssp585_NorESM2-MM_CCAM_daily_NZ5km_raw.nc
pr,ssp585,ACCESS-CM2_CCAM,pr_ssp585_ACCESS-CM2_CCAM_daily_NZ5km_bc.nc,https://climatedata.environment.govt.nz/files/data/daily/ssp585/pr/pr_ssp585_ACCESS-CM2_CCAM_daily_NZ5km_bc.nc
pr,ssp585,AWI-CM-1-1-MR_CCAM,pr_ssp585_AWI-CM-1-1-MR_CCAM_daily_NZ5km_bc.nc,https://climatedata.environment.govt.nz/files/data/daily/ssp585/pr/pr_ssp585_AWI-CM-1-1-MR_CCAM_daily_NZ5km_bc.nc
pr,ssp585,CNRM-CM6-1_CCAM,pr_ssp585_CNRM-CM6-1_CCAM_daily_NZ5km_bc.nc,https://climatedata.environment.govt.nz/files/data/daily/ssp585/pr/pr_ssp585_CNRM-CM6-1_CCAM_daily_NZ5km_bc.nc
pr,ssp585,EC-Earth3_CCAM,pr_ssp585_EC-Earth3_CCAM_daily_NZ5km_bc.nc,https://climatedata.environment.govt.nz/files/data/daily/ssp585/pr/pr_ssp585_EC-Earth3_CCAM_daily_NZ5km_bc.nc
pr,ssp585,GFDL-ESM4_CCAM,pr_ssp585_GFDL-ESM4_CCAM_daily_NZ5km_bc.nc,https://climatedata.environment.govt.nz/files/data/daily/ssp585/pr/pr_ssp585_GFDL-ESM4_CCAM_daily_NZ5km_bc.nc
pr,ssp585,NorESM2-MM_CCAM,pr_ssp585_NorESM2-MM_CCAM_daily_NZ5km_bc.nc,https://climatedata.environment.govt.nz/files/data/daily/ssp585/pr/pr_ssp585_NorESM2-MM_CCAM_daily_NZ5km_bc.nc
rsds,ssp585,ACCESS-CM2_CCAM,rsds_ssp585_ACCESS-CM2_CCAM_daily_NZ5km_raw.nc,https://climatedata.environment.govt.nz/files/data/daily/ssp585/rsds/rsds_ssp585_ACCESS-CM2_CCAM_daily_NZ5km_raw.nc
rsds,ssp585,AWI-CM-1-1-MR_CCAM,rsds_ssp585_AWI-CM-1-1-MR_CCAM_daily_NZ5km_raw.nc,https://climatedata.environment.govt.nz/files/data/daily/ssp585/rsds/rsds_ssp585_AWI-CM-1-1-MR_CCAM_daily_NZ5km_raw.nc
rsds,ssp585,CNRM-CM6-1_CCAM,rsds_ssp585_CNRM-CM6-1_CCAM_daily_NZ5km_raw.nc,https://climatedata.environment.govt.nz/files/data/daily/ssp585/rsds/rsds_ssp585_CNRM-CM6-1_CCAM_daily_NZ5km_raw.nc
rsds,ssp585,EC-Earth3_CCAM,rsds_ssp585_EC-Earth3_CCAM_daily_NZ5km_raw.nc,https://climatedata.environment.govt.nz/files/data/daily/ssp585/rsds/rsds_ssp585_EC-Earth3_CCAM_daily_NZ5km_raw.nc
rsds,ssp585,GFDL-ESM4_CCAM,rsds_ssp585_GFDL-ESM4_CCAM_daily_NZ5km_raw.nc,https://climatedata.environment.govt.nz/files/data/daily/ssp585/rsds/rsds_ssp585_GFDL-ESM4_CCAM_daily_NZ5km_raw.nc
rsds,ssp585,NorESM2-MM_CCAM,rsds_ssp585_NorESM2-MM_CCAM_daily_NZ5km_raw.nc,https://climatedata.environment.govt.nz/files/data/daily/ssp585/rsds/rsds_ssp585_NorESM2-MM_CCAM_daily_NZ5km_raw.nc
sfcWind,ssp585,ACCESS-CM2_CCAM,sfcWind_ssp585_ACCESS-CM2_CCAM_daily_NZ5km_raw.nc,https://climatedata.environment.govt.nz/files/data/daily/ssp585/sfcWind/sfcWind_ssp585_ACCESS-CM2_CCAM_daily_NZ5km_raw.nc
sfcWind,ssp585,AWI-CM-1-1-MR_CCAM,sfcWind_ssp585_AWI-CM-1-1-MR_CCAM_daily_NZ5km_raw.nc,https://climatedata.environment.govt.nz/files/data/daily/ssp585/sfcWind/sfcWind_ssp585_AWI-CM-1-1-MR_CCAM_daily_NZ5km_raw.nc
sfcWind,ssp585,CNRM-CM6-1_CCAM,sfcWind_ssp585_CNRM-CM6-1_CCAM_daily_NZ5km_raw.nc,https://climatedata.environment.govt.nz/files/data/daily/ssp585/sfcWind/sfcWind_ssp585_CNRM-CM6-1_CCAM_daily_NZ5km_raw.nc
sfcWind,ssp585,EC-Earth3_CCAM,sfcWind_ssp585_EC-Earth3_CCAM_daily_NZ5km_raw.nc,https://climatedata.environment.govt.nz/files/data/daily/ssp585/sfcWind/sfcWind_ssp585_EC-Earth3_CCAM_daily_NZ5km_raw.nc
sfcWind,ssp585,GFDL-ESM4_CCAM,sfcWind_ssp585_GFDL-ESM4_CCAM_daily_NZ5km_raw.nc,https://climatedata.environment.govt.nz/files/data/daily/ssp585/sfcWind/sfcWind_ssp585_GFDL-ESM4_CCAM_daily_NZ5km_raw.nc
sfcWind,ssp585,NorESM2-MM_CCAM,sfcWind_ssp585_NorESM2-MM_CCAM_daily_NZ5km_raw.nc,https://climatedata.environment.govt.nz/files/data/daily/ssp585/sfcWind/sfcWind_ssp585_NorESM2-MM_CCAM_daily_NZ5km_raw.nc
sfcWindmax,ssp585,ACCESS-CM2_CCAM,sfcWindmax_ssp585_ACCESS-CM2_CCAM_daily_NZ5km_raw.nc,https://climatedata.environment.govt.nz/files/data/daily/ssp585/sfcWindmax/sfcWindmax_ssp585_ACCESS-CM2_CCAM_daily_NZ5km_raw.nc
sfcWindmax,ssp585,AWI-CM-1-1-MR_CCAM,sfcWindmax_ssp585_AWI-CM-1-1-MR_CCAM_daily_NZ5km_raw.nc,https://climatedata.environment.govt.nz/files/data/daily/ssp585/sfcWindmax/sfcWindmax_ssp585_AWI-CM-1-1-MR_CCAM_daily_NZ5km_raw.nc
sfcWindmax,ssp585,CNRM-CM6-1_CCAM,sfcWindmax_ssp585_CNRM-CM6-1_CCAM_daily_NZ5km_raw.nc,https://climatedata.environment.govt.nz/files/data/daily/ssp585/sfcWindmax/sfcWindmax_ssp585_CNRM-CM6-1_CCAM_daily_NZ5km_raw.nc
sfcWindmax,ssp585,EC-Earth3_CCAM,sfcWindmax_ssp585_EC-Earth3_CCAM_daily_NZ5km_raw.nc,https://climatedata.environment.govt.nz/files/data/daily/ssp585/sfcWindmax/sfcWindmax_ssp585_EC-Earth3_CCAM_daily_NZ5km_raw.nc
sfcWindmax,ssp585,GFDL-ESM4_CCAM,sfcWindmax_ssp585_GFDL-ESM4_CCAM_daily_NZ5km_raw.nc,https://climatedata.environment.govt.nz/files/data/daily/ssp585/sfcWindmax/sfcWindmax_ssp585_GFDL-ESM4_CCAM_daily_NZ5km_raw.nc
sfcWindmax,ssp585,NorESM2-MM_CCAM,sfcWindmax_ssp585_NorESM2-MM_CCAM_daily_NZ5km_raw.nc,https://climatedata.environment.govt.nz/files/data/daily/ssp585/sfcWindmax/sfcWindmax_ssp585_NorESM2-MM_CCAM_daily_NZ5km_raw.nc
tas,ssp585,ACCESS-CM2_CCAM,tas_ssp585_ACCESS-CM2_CCAM_daily_NZ5km_bc.nc,https://climatedata.environment.govt.nz/files/data/daily/ssp585/tas/tas_ssp585_ACCESS-CM2_CCAM_daily_NZ5km_bc.nc
tas,ssp585,AWI-CM-1-1-MR_CCAM,tas_ssp585_AWI-CM-1-1-MR_CCAM_daily_NZ5km_bc.nc,https://climatedata.environment.govt.nz/files/data/daily/ssp585/tas/tas_ssp585_AWI-CM-1-1-MR_CCAM_daily_NZ5km_bc.nc
tas,ssp585,CNRM-CM6-1_CCAM,tas_ssp585_CNRM-CM6-1_CCAM_daily_NZ5km_bc.nc,https://climatedata.environment.govt.nz/files/data/daily/ssp585/tas/tas_ssp585_CNRM-CM6-1_CCAM_daily_NZ5km_bc.nc
tas,ssp585,EC-Earth3_CCAM,tas_ssp585_EC-Earth3_CCAM_daily_NZ5km_bc.nc,https://climatedata.environment.govt.nz/files/data/daily/ssp585/tas/tas_ssp585_EC-Earth3_CCAM_daily_NZ5km_bc.nc
tas,ssp585,GFDL-ESM4_CCAM,tas_ssp585_GFDL-ESM4_CCAM_daily_NZ5km_bc.nc,https://climatedata.environment.govt.nz/files/data/daily/ssp585/tas/tas_ssp585_GFDL-ESM4_CCAM_daily_NZ5km_bc.nc
tas,ssp585,NorESM2-MM_CCAM,tas_ssp585_NorESM2-MM_CCAM_daily_NZ5km_bc.nc,https://climatedata.environment.govt.nz/files/data/daily/ssp585/tas/tas_ssp585_NorESM2-MM_CCAM_daily_NZ5km_bc.nc
tasmax,ssp585,ACCESS-CM2_CCAM,tasmax_ssp585_ACCESS-CM2_CCAM_daily_NZ5km_bc.nc,https://climatedata.environment.govt.nz/files/data/daily/ssp585/tasmax/tasmax_ssp585_ACCESS-CM2_CCAM_daily_NZ5km_bc.nc
tasmax,ssp585,AWI-CM-1-1-MR_CCAM,tasmax_ssp585_AWI-CM-1-1-MR_CCAM_daily_NZ5km_bc.nc,https://climatedata.environment.govt.nz/files/data/daily/ssp585/tasmax/tasmax_ssp585_AWI-CM-1-1-MR_CCAM_daily_NZ5km_bc.nc
tasmax,ssp585,CNRM-CM6-1_CCAM,tasmax_ssp585_CNRM-CM6-1_CCAM_daily_NZ5km_bc.nc,https://climatedata.environment.govt.nz/files/data/daily/ssp585/tasmax/tasmax_ssp585_CNRM-CM6-1_CCAM_daily_NZ5km_bc.nc
tasmax,ssp585,EC-Earth3_CCAM,tasmax_ssp585_EC-Earth3_CCAM_daily_NZ5km_bc.nc,https://climatedata.environment.govt.nz/files/data/daily/ssp585/tasmax/tasmax_ssp585_EC-Earth3_CCAM_daily_NZ5km_bc.nc
tasmax,ssp585,GFDL-ESM4_CCAM,tasmax_ssp585_GFDL-ESM4_CCAM_daily_NZ5km_bc.nc,https://climatedata.environment.govt.nz/files/data/daily/ssp585/tasmax/tasmax_ssp585_GFDL-ESM4_CCAM_daily_NZ5km_bc.nc
tasmax,ssp585,NorESM2-MM_CCAM,tasmax_ssp585_NorESM2-MM_CCAM_daily_NZ5km_bc.nc,https://climatedata.environment.govt.nz/files/data/daily/ssp585/tasmax/tasmax_ssp585_NorESM2-MM_CCAM_daily_NZ5km_bc.nc
tasmin,ssp585,ACCESS-CM2_CCAM,tasmin_ssp585_ACCESS-CM2_CCAM_daily_NZ5km_bc.nc,https://climatedata.environment.govt.nz/files/data/daily/ssp585/tasmin/tasmin_ssp585_ACCESS-CM2_CCAM_daily_NZ5km_bc.nc
tasmin,ssp585,AWI-CM-1-1-MR_CCAM,tasmin_ssp585_AWI-CM-1-1-MR_CCAM_daily_NZ5km_bc.nc,https://climatedata.environment.govt.nz/files/data/daily/ssp585/tasmin/tasmin_ssp585_AWI-CM-1-1-MR_CCAM_daily_NZ5km_bc.nc
tasmin,ssp585,CNRM-CM6-1_CCAM,tasmin_ssp585_CNRM-CM6-1_CCAM_daily_NZ5km_bc.nc,https://climatedata.environment.govt.nz/files/data/daily/ssp585/tasmin/tasmin_ssp585_CNRM-CM6-1_CCAM_daily_NZ5km_bc.nc
tasmin,ssp585,EC-Earth3_CCAM,tasmin_ssp585_EC-Earth3_CCAM_daily_NZ5km_bc.nc,https://climatedata.environment.govt.nz/files/data/daily/ssp585/tasmin/tasmin_ssp585_EC-Earth3_CCAM_daily_NZ5km_bc.nc
tasmin,ssp585,GFDL-ESM4_CCAM,tasmin_ssp585_GFDL-ESM4_CCAM_daily_NZ5km_bc.nc,https://climatedata.environment.govt.nz/files/data/daily/ssp585/tasmin/tasmin_ssp585_GFDL-ESM4_CCAM_daily_NZ5km_bc.nc
tasmin,ssp585,NorESM2-MM_CCAM,tasmin_ssp585_NorESM2-MM_CCAM_daily_NZ5km_bc.nc,https://climatedata.environment.govt.nz/files/data/daily/ssp585/tasmin/tasmin_ssp585_NorESM2-MM_CCAM_daily_NZ5km_bc.nc
